"BehaviorSpace results (NetLogo 7.0.4)","Lists version 2.0"
"JQIE.nlogox"
"Sat-add-sweep"
"08/09/2026 22:30:03:956 -0400"
"min-pxcor","max-pxcor","min-pycor","max-pycor"
"0","220","0","160"
"[reporter]","[run number]","use-r-seed?","sim-duration","display-ticks","average-employee?","sat-add","advance-notice?","minimum-hours?","schedule-swaps?","better-pay?","[step]","[0]","[1]","[2]","[3]","[4]","[5]","[6]","[7]","[8]","[9]","[10]","[11]","[12]","[13]","[14]","[15]","[16]","[17]","[18]","[19]","[20]","[21]","[22]","[23]","[24]","[25]","[26]","[27]","[28]","[29]","[30]","[31]","[32]","[33]","[34]","[35]","[36]","[37]","[38]","[39]","[40]","[41]","[42]","[43]","[44]","[45]","[46]","[47]"
"KPI-EPI-lists company 0","1","false","365","30","true","0.05","false","false","false","false","366","name","Fashion1","total-customer-visits","26854","total-customers-helped","22227","total-sales-closed","10012","total-employee-revenues","1612189","ATS-for-employee-sales","161.02566919696363","total-non-employee-revenues","52242","ATS-for-non-employee-sales","82.79239302694137","total-gross-revenues","1664431","total-labor-costs","162427.05000000002","cogs","828199","total-profits","836231.5499999999","gross-margin","50.2","EPIs:","","total-earnings","32485.410000000003","total-hours-scheduled","2173.6599999999994","total-hours-worked","2165.694","total-idle-time","23680.6","total-misc-task-time","46729.6","total-productivity","48508","total-rest-time","16628.6","total-revenues","322437.8","total-tardy-time","1215.8","total-sales-closed","2002.4"
"KPI-EPI-lists company 1","1","false","365","30","true","0.05","false","false","false","false","366","name","Fashion2","total-customer-visits","27005","total-customers-helped","19360","total-sales-closed","8695","total-employee-revenues","1357766","ATS-for-employee-sales","156.15480161012076","total-non-employee-revenues","92819","ATS-for-non-employee-sales","83.02236135957067","total-gross-revenues","1450585","total-labor-costs","121045.72499999999","cogs","701280","total-profits","749305.2749999996","gross-margin","51.7","EPIs:","","total-earnings","24209.145","total-hours-scheduled","1803.1199999999997","total-hours-worked","1793.2699999999998","total-idle-time","17039.8","total-misc-task-time","32452.6","total-productivity","48016.6","total-rest-time","13832.2","total-revenues","271553.2","total-tardy-time","1865.4","total-sales-closed","1739"
"KPI-EPI-lists company 0","2","false","365","30","true","0.05","false","false","false","false","366","name","Fashion1","total-customer-visits","26982","total-customers-helped","22657","total-sales-closed","10182","total-employee-revenues","1647306","ATS-for-employee-sales","161.78609310548026","total-non-employee-revenues","48705","ATS-for-non-employee-sales","82.69100169779287","total-gross-revenues","1696011","total-labor-costs","164677.65000000005","cogs","843082","total-profits","852928.9500000001","gross-margin","50.3","EPIs:","","total-earnings","32935.530000000006","total-hours-scheduled","2202.0800000000004","total-hours-worked","2195.7020000000007","total-idle-time","23950.6","total-misc-task-time","48101.8","total-productivity","48502.8","total-rest-time","16976.2","total-revenues","329461.2","total-tardy-time","972.4","total-sales-closed","2036.4"
"KPI-EPI-lists company 1","2","false","365","30","true","0.05","false","false","false","false","366","name","Fashion2","total-customer-visits","27128","total-customers-helped","19604","total-sales-closed","8762","total-employee-revenues","1373710","ATS-for-employee-sales","156.78041543026706","total-non-employee-revenues","86979","ATS-for-non-employee-sales","81.74718045112782","total-gross-revenues","1460689","total-labor-costs","122102.77499999995","cogs","706378","total-profits","754310.625","gross-margin","51.6","EPIs:","","total-earnings","24420.555000000004","total-hours-scheduled","1819.2","total-hours-worked","1808.9299999999998","total-idle-time","17259.2","total-misc-task-time","32720.2","total-productivity","48269.2","total-rest-time","14102","total-revenues","274742","total-tardy-time","1800","total-sales-closed","1752.4"
"KPI-EPI-lists company 0","3","false","365","30","true","0.05","false","false","false","false","366","name","Fashion1","total-customer-visits","27344","total-customers-helped","22881","total-sales-closed","10397","total-employee-revenues","1691286","ATS-for-employee-sales","162.67057805136096","total-non-employee-revenues","51352","ATS-for-non-employee-sales","82.95961227786754","total-gross-revenues","1742638","total-labor-costs","164053.95000000004","cogs","861109","total-profits","881528.8499999997","gross-margin","50.6","EPIs:","","total-earnings","32810.79000000001","total-hours-scheduled","2193.6799999999994","total-hours-worked","2187.3859999999995","total-idle-time","23648","total-misc-task-time","47756","total-productivity","48566.4","total-rest-time","16931.6","total-revenues","338257.2","total-tardy-time","960.8","total-sales-closed","2079.4"
"KPI-EPI-lists company 1","3","false","365","30","true","0.05","false","false","false","false","366","name","Fashion2","total-customer-visits","26805","total-customers-helped","19904","total-sales-closed","8939","total-employee-revenues","1413123","ATS-for-employee-sales","158.0851325651639","total-non-employee-revenues","82273","ATS-for-non-employee-sales","83.02018163471242","total-gross-revenues","1495396","total-labor-costs","122698.25999999992","cogs","720857","total-profits","774539.3399999999","gross-margin","51.8","EPIs:","","total-earnings","24539.651999999995","total-hours-scheduled","1826.2","total-hours-worked","1817.752","total-idle-time","17514","total-misc-task-time","34289.2","total-productivity","47156.6","total-rest-time","14101","total-revenues","282624.6","total-tardy-time","1595","total-sales-closed","1787.8"
"KPI-EPI-lists company 0","4","false","365","30","true","0.05","false","false","false","false","366","name","Fashion1","total-customer-visits","27184","total-customers-helped","22907","total-sales-closed","10388","total-employee-revenues","1688770","ATS-for-employee-sales","162.5693107431652","total-non-employee-revenues","51856","ATS-for-non-employee-sales","82.7049441786284","total-gross-revenues","1740626","total-labor-costs","163253.84999999998","cogs","859504","total-profits","881121.7499999997","gross-margin","50.6","EPIs:","","total-earnings","32650.770000000008","total-hours-scheduled","2183.54","total-hours-worked","2176.718","total-idle-time","23892.8","total-misc-task-time","47228.8","total-productivity","48434.2","total-rest-time","16844.4","total-revenues","337754","total-tardy-time","990.2","total-sales-closed","2077.6"
"KPI-EPI-lists company 1","4","false","365","30","true","0.05","false","false","false","false","366","name","Fashion2","total-customer-visits","26925","total-customers-helped","19879","total-sales-closed","8875","total-employee-revenues","1392225","ATS-for-employee-sales","156.87042253521128","total-non-employee-revenues","82185","ATS-for-non-employee-sales","82.43229689067202","total-gross-revenues","1474410","total-labor-costs","123521.48999999992","cogs","713285","total-profits","761124.5099999994","gross-margin","51.6","EPIs:","","total-earnings","24704.29800000001","total-hours-scheduled","1840.6000000000008","total-hours-worked","1829.948000000001","total-idle-time","17741","total-misc-task-time","34165.2","total-productivity","47755.6","total-rest-time","14172.4","total-revenues","278445","total-tardy-time","1685.8","total-sales-closed","1775"
"KPI-EPI-lists company 0","5","false","365","30","true","0.05","false","false","false","false","366","name","Fashion1","total-customer-visits","27137","total-customers-helped","22859","total-sales-closed","10448","total-employee-revenues","1694527","ATS-for-employee-sales","162.18673430321593","total-non-employee-revenues","49400","ATS-for-non-employee-sales","83.58714043993231","total-gross-revenues","1743927","total-labor-costs","165209.55000000005","cogs","862780","total-profits","881146.6500000004","gross-margin","50.5","EPIs:","","total-earnings","33041.91","total-hours-scheduled","2210.2400000000002","total-hours-worked","2202.7940000000003","total-idle-time","24272.6","total-misc-task-time","48330.8","total-productivity","48387.2","total-rest-time","17121.2","total-revenues","338905.4","total-tardy-time","1117.8","total-sales-closed","2089.6"
"KPI-EPI-lists company 1","5","false","365","30","true","0.05","false","false","false","false","366","name","Fashion2","total-customer-visits","26867","total-customers-helped","19673","total-sales-closed","8864","total-employee-revenues","1387820","ATS-for-employee-sales","156.56814079422384","total-non-employee-revenues","84006","ATS-for-non-employee-sales","82.11730205278593","total-gross-revenues","1471826","total-labor-costs","122462.82000000002","cogs","711193","total-profits","760632.7799999997","gross-margin","51.7","EPIs:","","total-earnings","24492.564000000002","total-hours-scheduled","1823.7799999999995","total-hours-worked","1814.2639999999997","total-idle-time","17704","total-misc-task-time","33138.4","total-productivity","47892","total-rest-time","14094","total-revenues","277564","total-tardy-time","1772.6","total-sales-closed","1772.8"
"KPI-EPI-lists company 0","6","false","365","30","true","0.05","false","false","false","false","366","name","Fashion1","total-customer-visits","27102","total-customers-helped","22704","total-sales-closed","10185","total-employee-revenues","1651750","ATS-for-employee-sales","162.17476681394209","total-non-employee-revenues","54167","ATS-for-non-employee-sales","83.59104938271605","total-gross-revenues","1705917","total-labor-costs","163939.05","cogs","846306","total-profits","859611.1499999997","gross-margin","50.4","EPIs:","","total-earnings","32787.810000000005","total-hours-scheduled","2192.7200000000007","total-hours-worked","2185.8540000000007","total-idle-time","23898.2","total-misc-task-time","47780.6","total-productivity","48341.4","total-rest-time","16919","total-revenues","330350","total-tardy-time","1061.8","total-sales-closed","2037"
"KPI-EPI-lists company 1","6","false","365","30","true","0.05","false","false","false","false","366","name","Fashion2","total-customer-visits","26860","total-customers-helped","19443","total-sales-closed","8720","total-employee-revenues","1357286","ATS-for-employee-sales","155.6520642201835","total-non-employee-revenues","87828","ATS-for-non-employee-sales","83.24928909952607","total-gross-revenues","1445114","total-labor-costs","123510.82500000004","cogs","701556","total-profits","743557.5749999996","gross-margin","51.5","EPIs:","","total-earnings","24702.165","total-hours-scheduled","1841.4399999999998","total-hours-worked","1829.7899999999995","total-idle-time","17385.4","total-misc-task-time","33593.6","total-productivity","48447.6","total-rest-time","14167.4","total-revenues","271457.2","total-tardy-time","1923.2","total-sales-closed","1744"
"KPI-EPI-lists company 0","7","false","365","30","true","0.05","false","false","false","false","366","name","Fashion1","total-customer-visits","26879","total-customers-helped","22726","total-sales-closed","10329","total-employee-revenues","1686120","ATS-for-employee-sales","163.24135927969795","total-non-employee-revenues","47233","ATS-for-non-employee-sales","82.71978984238179","total-gross-revenues","1733353","total-labor-costs","164991.14999999994","cogs","858332","total-profits","875020.6500000003","gross-margin","50.5","EPIs:","","total-earnings","32998.23","total-hours-scheduled","2206.6599999999994","total-hours-worked","2199.8819999999996","total-idle-time","24101.2","total-misc-task-time","48954.2","total-productivity","47749.2","total-rest-time","17076","total-revenues","337224","total-tardy-time","1025.8","total-sales-closed","2065.8"
"KPI-EPI-lists company 1","7","false","365","30","true","0.05","false","false","false","false","366","name","Fashion2","total-customer-visits","27032","total-customers-helped","19703","total-sales-closed","8829","total-employee-revenues","1388978","ATS-for-employee-sales","157.31996828632913","total-non-employee-revenues","82900","ATS-for-non-employee-sales","81.59448818897638","total-gross-revenues","1471878","total-labor-costs","123114.60000000008","cogs","711866","total-profits","760012.1999999998","gross-margin","51.6","EPIs:","","total-earnings","24622.920000000006","total-hours-scheduled","1834.0200000000004","total-hours-worked","1823.92","total-idle-time","17453.4","total-misc-task-time","33795.8","total-productivity","47990.4","total-rest-time","14074.6","total-revenues","277795.6","total-tardy-time","1739.2","total-sales-closed","1765.8"
"KPI-EPI-lists company 0","8","false","365","30","true","0.05","false","false","false","false","366","name","Fashion1","total-customer-visits","26898","total-customers-helped","22567","total-sales-closed","10112","total-employee-revenues","1637041","ATS-for-employee-sales","161.8909216772152","total-non-employee-revenues","52062","ATS-for-non-employee-sales","82.50713153724247","total-gross-revenues","1689103","total-labor-costs","164672.55","cogs","840314","total-profits","848789.2499999998","gross-margin","50.3","EPIs:","","total-earnings","32934.51","total-hours-scheduled","2203.2600000000007","total-hours-worked","2195.6340000000005","total-idle-time","24129.4","total-misc-task-time","48444.2","total-productivity","48101.2","total-rest-time","16949","total-revenues","327408.2","total-tardy-time","1154.2","total-sales-closed","2022.4"
"KPI-EPI-lists company 1","8","false","365","30","true","0.05","false","false","false","false","366","name","Fashion2","total-customer-visits","27005","total-customers-helped","19578","total-sales-closed","8746","total-employee-revenues","1365686","ATS-for-employee-sales","156.14978275783216","total-non-employee-revenues","86782","ATS-for-non-employee-sales","82.80725190839695","total-gross-revenues","1452468","total-labor-costs","121768.78500000005","cogs","702756","total-profits","749712.0149999993","gross-margin","51.6","EPIs:","","total-earnings","24353.75699999999","total-hours-scheduled","1812.6599999999992","total-hours-worked","1803.9819999999988","total-idle-time","17329.4","total-misc-task-time","32755.8","total-productivity","48092.8","total-rest-time","13948.8","total-revenues","273137.2","total-tardy-time","1719","total-sales-closed","1749.2"
"KPI-EPI-lists company 0","9","false","365","30","true","0.05","false","false","false","false","366","name","Fashion1","total-customer-visits","27207","total-customers-helped","23044","total-sales-closed","10319","total-employee-revenues","1678674","ATS-for-employee-sales","162.67797267177053","total-non-employee-revenues","48470","ATS-for-non-employee-sales","82.43197278911565","total-gross-revenues","1727144","total-labor-costs","163703.25000000006","cogs","854561","total-profits","872583.1499999998","gross-margin","50.5","EPIs:","","total-earnings","32740.650000000005","total-hours-scheduled","2189.2999999999997","total-hours-worked","2182.71","total-idle-time","23737.6","total-misc-task-time","47677.4","total-productivity","48289.4","total-rest-time","16979.6","total-revenues","335734.8","total-tardy-time","973.4","total-sales-closed","2063.8"
"KPI-EPI-lists company 1","9","false","365","30","true","0.05","false","false","false","false","366","name","Fashion2","total-customer-visits","26955","total-customers-helped","19814","total-sales-closed","8884","total-employee-revenues","1397678","ATS-for-employee-sales","157.32530391715443","total-non-employee-revenues","83147","ATS-for-non-employee-sales","81.83759842519684","total-gross-revenues","1480825","total-labor-costs","123315.61499999996","cogs","715646","total-profits","765179.3849999995","gross-margin","51.7","EPIs:","","total-earnings","24663.123","total-hours-scheduled","1835.8799999999997","total-hours-worked","1826.898","total-idle-time","17869","total-misc-task-time","33594.2","total-productivity","47954.8","total-rest-time","14248.6","total-revenues","279535.6","total-tardy-time","1687.4","total-sales-closed","1776.8"
"KPI-EPI-lists company 0","10","false","365","30","true","0.05","false","false","false","false","366","name","Fashion1","total-customer-visits","27201","total-customers-helped","22908","total-sales-closed","10301","total-employee-revenues","1676304","ATS-for-employee-sales","162.7321619260266","total-non-employee-revenues","46473","ATS-for-non-employee-sales","82.69217081850533","total-gross-revenues","1722777","total-labor-costs","162988.50000000006","cogs","852099","total-profits","870677.7000000004","gross-margin","50.5","EPIs:","","total-earnings","32597.700000000004","total-hours-scheduled","2179.4800000000005","total-hours-worked","2173.1800000000003","total-idle-time","24164.2","total-misc-task-time","47507","total-productivity","47702.8","total-rest-time","16964.2","total-revenues","335260.8","total-tardy-time","989.6","total-sales-closed","2060.2"
"KPI-EPI-lists company 1","10","false","365","30","true","0.05","false","false","false","false","366","name","Fashion2","total-customer-visits","26741","total-customers-helped","19318","total-sales-closed","8664","total-employee-revenues","1357183","ATS-for-employee-sales","156.64623730378577","total-non-employee-revenues","87495","ATS-for-non-employee-sales","82.23214285714286","total-gross-revenues","1444678","total-labor-costs","121661.99999999999","cogs","699533","total-profits","745144.7999999999","gross-margin","51.6","EPIs:","","total-earnings","24332.4","total-hours-scheduled","1811.4600000000003","total-hours-worked","1802.4","total-idle-time","17313.6","total-misc-task-time","33122.2","total-productivity","47611.8","total-rest-time","13953.2","total-revenues","271436.6","total-tardy-time","1926.2","total-sales-closed","1732.8"
"KPI-EPI-lists company 0","11","false","365","30","true","0.1","false","false","false","false","366","name","Fashion1","total-customer-visits","26961","total-customers-helped","22665","total-sales-closed","10186","total-employee-revenues","1655511","ATS-for-employee-sales","162.52807775377968","total-non-employee-revenues","53317","ATS-for-non-employee-sales","81.52446483180428","total-gross-revenues","1708828","total-labor-costs","163689.45","cogs","847221","total-profits","861607.3500000003","gross-margin","50.4","EPIs:","","total-earnings","32737.890000000003","total-hours-scheduled","2189.1600000000008","total-hours-worked","2182.5260000000007","total-idle-time","23833.6","total-misc-task-time","47963","total-productivity","48000.6","total-rest-time","16905.4","total-revenues","331102.2","total-tardy-time","1095.2","total-sales-closed","2037.2"
"KPI-EPI-lists company 1","11","false","365","30","true","0.1","false","false","false","false","366","name","Fashion2","total-customer-visits","27185","total-customers-helped","18057","total-sales-closed","8107","total-employee-revenues","1225584","ATS-for-employee-sales","151.1760207228321","total-non-employee-revenues","104514","ATS-for-non-employee-sales","82.94761904761904","total-gross-revenues","1330098","total-labor-costs","121361.895","cogs","653401","total-profits","676696.9049999999","gross-margin","50.9","EPIs:","","total-earnings","24272.379000000004","total-hours-scheduled","1812.9799999999996","total-hours-worked","1797.9539999999997","total-idle-time","17534.8","total-misc-task-time","29753.2","total-productivity","50163","total-rest-time","14056","total-revenues","245116.8","total-tardy-time","2561","total-sales-closed","1621.4"
"KPI-EPI-lists company 0","12","false","365","30","true","0.1","false","false","false","false","366","name","Fashion1","total-customer-visits","27241","total-customers-helped","22956","total-sales-closed","10363","total-employee-revenues","1682217","ATS-for-employee-sales","162.3291517900222","total-non-employee-revenues","48322","ATS-for-non-employee-sales","82.6017094017094","total-gross-revenues","1730539","total-labor-costs","164351.84999999998","cogs","856567","total-profits","873971.5499999998","gross-margin","50.5","EPIs:","","total-earnings","32870.37000000001","total-hours-scheduled","2198.7599999999998","total-hours-worked","2191.358","total-idle-time","24167","total-misc-task-time","48137.6","total-productivity","48016.6","total-rest-time","17064.6","total-revenues","336443.4","total-tardy-time","1094","total-sales-closed","2072.6"
"KPI-EPI-lists company 1","12","false","365","30","true","0.1","false","false","false","false","366","name","Fashion2","total-customer-visits","26907","total-customers-helped","17814","total-sales-closed","8109","total-employee-revenues","1216542","ATS-for-employee-sales","150.0236773954865","total-non-employee-revenues","107206","ATS-for-non-employee-sales","83.2991452991453","total-gross-revenues","1323748","total-labor-costs","122741.05499999996","cogs","652240","total-profits","671507.7449999998","gross-margin","50.7","EPIs:","","total-earnings","24548.211","total-hours-scheduled","1835.2999999999997","total-hours-worked","1818.3859999999997","total-idle-time","18046.8","total-misc-task-time","30234.4","total-productivity","50313.2","total-rest-time","14281.8","total-revenues","243308.4","total-tardy-time","2809.8","total-sales-closed","1621.8"
"KPI-EPI-lists company 0","13","false","365","30","true","0.1","false","false","false","false","366","name","Fashion1","total-customer-visits","27105","total-customers-helped","22891","total-sales-closed","10231","total-employee-revenues","1655473","ATS-for-employee-sales","161.80950053758187","total-non-employee-revenues","47387","ATS-for-non-employee-sales","83.28119507908612","total-gross-revenues","1702860","total-labor-costs","164779.64999999997","cogs","845924","total-profits","856936.3500000002","gross-margin","50.3","EPIs:","","total-earnings","32955.93000000001","total-hours-scheduled","2203.84","total-hours-worked","2197.062","total-idle-time","23885.8","total-misc-task-time","47836.2","total-productivity","48929.4","total-rest-time","16975.8","total-revenues","331094.6","total-tardy-time","1043","total-sales-closed","2046.2"
"KPI-EPI-lists company 1","13","false","365","30","true","0.1","false","false","false","false","366","name","Fashion2","total-customer-visits","27074","total-customers-helped","17487","total-sales-closed","7952","total-employee-revenues","1193397","ATS-for-employee-sales","150.0750754527163","total-non-employee-revenues","112144","ATS-for-non-employee-sales","82.3982365907421","total-gross-revenues","1305541","total-labor-costs","119978.41500000002","cogs","642195","total-profits","663346.1849999998","gross-margin","50.8","EPIs:","","total-earnings","23995.683000000008","total-hours-scheduled","1792.9600000000005","total-hours-worked","1777.4580000000005","total-idle-time","17147","total-misc-task-time","28506.8","total-productivity","50390","total-rest-time","14023","total-revenues","238679.4","total-tardy-time","2897.2","total-sales-closed","1590.4"
"KPI-EPI-lists company 0","14","false","365","30","true","0.1","false","false","false","false","366","name","Fashion1","total-customer-visits","26972","total-customers-helped","22954","total-sales-closed","10219","total-employee-revenues","1664554","ATS-for-employee-sales","162.88814952539389","total-non-employee-revenues","48180","ATS-for-non-employee-sales","81.93877551020408","total-gross-revenues","1712734","total-labor-costs","163378.95000000007","cogs","848473","total-profits","864261.4499999997","gross-margin","50.5","EPIs:","","total-earnings","32675.790000000008","total-hours-scheduled","2184.340000000001","total-hours-worked","2178.3860000000013","total-idle-time","24117.2","total-misc-task-time","47813.8","total-productivity","47635","total-rest-time","17041.6","total-revenues","332910.8","total-tardy-time","972.2","total-sales-closed","2043.8"
"KPI-EPI-lists company 1","14","false","365","30","true","0.1","false","false","false","false","366","name","Fashion2","total-customer-visits","26767","total-customers-helped","17640","total-sales-closed","7805","total-employee-revenues","1178835","ATS-for-employee-sales","151.03587443946188","total-non-employee-revenues","103673","ATS-for-non-employee-sales","81.8255722178374","total-gross-revenues","1282508","total-labor-costs","122790.05999999995","cogs","635793","total-profits","646714.7399999996","gross-margin","50.4","EPIs:","","total-earnings","24558.011999999995","total-hours-scheduled","1834.1","total-hours-worked","1819.1120000000003","total-idle-time","17853.4","total-misc-task-time","30899.4","total-productivity","49839","total-rest-time","14239","total-revenues","235767","total-tardy-time","2934.6","total-sales-closed","1561"
"KPI-EPI-lists company 0","15","false","365","30","true","0.1","false","false","false","false","366","name","Fashion1","total-customer-visits","26628","total-customers-helped","22008","total-sales-closed","9814","total-employee-revenues","1579765","ATS-for-employee-sales","160.97055227226411","total-non-employee-revenues","52393","ATS-for-non-employee-sales","83.03169572107765","total-gross-revenues","1632158","total-labor-costs","162871.05","cogs","815734","total-profits","816423.75","gross-margin","50","EPIs:","","total-earnings","32574.210000000003","total-hours-scheduled","2180.959999999999","total-hours-worked","2171.614","total-idle-time","23620.8","total-misc-task-time","47220.2","total-productivity","48290","total-rest-time","16713.2","total-revenues","315953","total-tardy-time","1296.6","total-sales-closed","1962.8"
"KPI-EPI-lists company 1","15","false","365","30","true","0.1","false","false","false","false","366","name","Fashion2","total-customer-visits","27157","total-customers-helped","18198","total-sales-closed","8152","total-employee-revenues","1232627","ATS-for-employee-sales","151.20547105004906","total-non-employee-revenues","104273","ATS-for-non-employee-sales","82.95385839299921","total-gross-revenues","1336900","total-labor-costs","122123.4300000001","cogs","656883","total-profits","680016.5700000008","gross-margin","50.9","EPIs:","","total-earnings","24424.686000000005","total-hours-scheduled","1824.1599999999999","total-hours-worked","1809.2359999999994","total-idle-time","17539.6","total-misc-task-time","30220.8","total-productivity","50249.6","total-rest-time","14122.6","total-revenues","246525.4","total-tardy-time","2463.4","total-sales-closed","1630.4"
"KPI-EPI-lists company 0","16","false","365","30","true","0.1","false","false","false","false","366","name","Fashion1","total-customer-visits","27105","total-customers-helped","22742","total-sales-closed","10299","total-employee-revenues","1662866","ATS-for-employee-sales","161.45897659966988","total-non-employee-revenues","47890","ATS-for-non-employee-sales","81.44557823129252","total-gross-revenues","1710756","total-labor-costs","164662.05000000008","cogs","848964","total-profits","861791.5499999991","gross-margin","50.4","EPIs:","","total-earnings","32932.41","total-hours-scheduled","2204.48","total-hours-worked","2195.494","total-idle-time","23974.6","total-misc-task-time","47476.8","total-productivity","49000.2","total-rest-time","17052.4","total-revenues","332573.2","total-tardy-time","1185.2","total-sales-closed","2059.8"
"KPI-EPI-lists company 1","16","false","365","30","true","0.1","false","false","false","false","366","name","Fashion2","total-customer-visits","26990","total-customers-helped","17543","total-sales-closed","7810","total-employee-revenues","1171847","ATS-for-employee-sales","150.04443021766966","total-non-employee-revenues","110639","ATS-for-non-employee-sales","82.1373422420193","total-gross-revenues","1282486","total-labor-costs","121519.44000000008","cogs","634514","total-profits","647972.1599999998","gross-margin","50.5","EPIs:","","total-earnings","24303.888000000006","total-hours-scheduled","1816.06","total-hours-worked","1800.2879999999998","total-idle-time","17755.8","total-misc-task-time","29789","total-productivity","49964.6","total-rest-time","14122.2","total-revenues","234369.4","total-tardy-time","2878.2","total-sales-closed","1562"
"KPI-EPI-lists company 0","17","false","365","30","true","0.1","false","false","false","false","366","name","Fashion1","total-customer-visits","26780","total-customers-helped","22426","total-sales-closed","10041","total-employee-revenues","1626631","ATS-for-employee-sales","161.9989044915845","total-non-employee-revenues","51269","ATS-for-non-employee-sales","82.29373996789727","total-gross-revenues","1677900","total-labor-costs","163653.89999999997","cogs","834814","total-profits","843086.0999999997","gross-margin","50.2","EPIs:","","total-earnings","32730.780000000006","total-hours-scheduled","2190.999999999999","total-hours-worked","2182.0519999999997","total-idle-time","23905.6","total-misc-task-time","48180.4","total-productivity","47804.6","total-rest-time","16837.8","total-revenues","325326.2","total-tardy-time","1219.8","total-sales-closed","2008.2"
"KPI-EPI-lists company 1","17","false","365","30","true","0.1","false","false","false","false","366","name","Fashion2","total-customer-visits","26917","total-customers-helped","17888","total-sales-closed","8045","total-employee-revenues","1210901","ATS-for-employee-sales","150.51597265382225","total-non-employee-revenues","99476","ATS-for-non-employee-sales","82.14368290668868","total-gross-revenues","1310377","total-labor-costs","121945.76999999995","cogs","646097","total-profits","664280.43","gross-margin","50.7","EPIs:","","total-earnings","24389.15400000001","total-hours-scheduled","1822.7999999999997","total-hours-worked","1806.604","total-idle-time","17703","total-misc-task-time","29954","total-productivity","50268.6","total-rest-time","14125.6","total-revenues","242180.2","total-tardy-time","2744.6","total-sales-closed","1609"
"KPI-EPI-lists company 0","18","false","365","30","true","0.1","false","false","false","false","366","name","Fashion1","total-customer-visits","27061","total-customers-helped","23066","total-sales-closed","10219","total-employee-revenues","1663073","ATS-for-employee-sales","162.74322340737842","total-non-employee-revenues","46109","ATS-for-non-employee-sales","81.60884955752212","total-gross-revenues","1709182","total-labor-costs","165324.75","cogs","848998","total-profits","860184.450000001","gross-margin","50.3","EPIs:","","total-earnings","33064.95","total-hours-scheduled","2210.2200000000003","total-hours-worked","2204.330000000001","total-idle-time","24566","total-misc-task-time","48947.8","total-productivity","47630.2","total-rest-time","17264.6","total-revenues","332614.6","total-tardy-time","987","total-sales-closed","2043.8"
"KPI-EPI-lists company 1","18","false","365","30","true","0.1","false","false","false","false","366","name","Fashion2","total-customer-visits","27224","total-customers-helped","18122","total-sales-closed","8266","total-employee-revenues","1250720","ATS-for-employee-sales","151.30897653036536","total-non-employee-revenues","108404","ATS-for-non-employee-sales","82.49923896499239","total-gross-revenues","1359124","total-labor-costs","122533.82999999987","cogs","666183","total-profits","692940.5700000002","gross-margin","51","EPIs:","","total-earnings","24506.765999999992","total-hours-scheduled","1829.7399999999993","total-hours-worked","1815.3159999999996","total-idle-time","17307.6","total-misc-task-time","30300.6","total-productivity","50646.2","total-rest-time","14193","total-revenues","250144","total-tardy-time","2381.4","total-sales-closed","1653.2"
"KPI-EPI-lists company 0","19","false","365","30","true","0.1","false","false","false","false","366","name","Fashion1","total-customer-visits","26817","total-customers-helped","22517","total-sales-closed","10253","total-employee-revenues","1659777","ATS-for-employee-sales","161.88208329269483","total-non-employee-revenues","49504","ATS-for-non-employee-sales","82.78260869565217","total-gross-revenues","1709281","total-labor-costs","163144.64999999994","cogs","846857","total-profits","862423.9500000003","gross-margin","50.5","EPIs:","","total-earnings","32628.930000000004","total-hours-scheduled","2181.8799999999997","total-hours-worked","2175.2619999999997","total-idle-time","23750.8","total-misc-task-time","47895.6","total-productivity","47870.4","total-rest-time","16693.2","total-revenues","331955.4","total-tardy-time","979","total-sales-closed","2050.6"
"KPI-EPI-lists company 1","19","false","365","30","true","0.1","false","false","false","false","366","name","Fashion2","total-customer-visits","26863","total-customers-helped","17793","total-sales-closed","8039","total-employee-revenues","1209290","ATS-for-employee-sales","150.42791391964175","total-non-employee-revenues","103258","ATS-for-non-employee-sales","83.13848631239935","total-gross-revenues","1312548","total-labor-costs","122086.30499999998","cogs","647106","total-profits","665442.4950000003","gross-margin","50.7","EPIs:","","total-earnings","24417.261","total-hours-scheduled","1823.9399999999994","total-hours-worked","1808.6859999999997","total-idle-time","17353.8","total-misc-task-time","30416","total-productivity","50077.8","total-rest-time","14249.8","total-revenues","241858","total-tardy-time","2734.8","total-sales-closed","1607.8"
"KPI-EPI-lists company 0","20","false","365","30","true","0.1","false","false","false","false","366","name","Fashion1","total-customer-visits","26830","total-customers-helped","22756","total-sales-closed","10300","total-employee-revenues","1675110","ATS-for-employee-sales","162.63203883495146","total-non-employee-revenues","50454","ATS-for-non-employee-sales","82.17263843648209","total-gross-revenues","1725564","total-labor-costs","163686.9","cogs","853913","total-profits","871651.5000000005","gross-margin","50.5","EPIs:","","total-earnings","32737.380000000005","total-hours-scheduled","2189.2599999999998","total-hours-worked","2182.492","total-idle-time","24185.8","total-misc-task-time","48057.4","total-productivity","47647.4","total-rest-time","17010.2","total-revenues","335022","total-tardy-time","1041.4","total-sales-closed","2060"
"KPI-EPI-lists company 1","20","false","365","30","true","0.1","false","false","false","false","366","name","Fashion2","total-customer-visits","27193","total-customers-helped","17829","total-sales-closed","8001","total-employee-revenues","1211849","ATS-for-employee-sales","151.46219222597176","total-non-employee-revenues","108050","ATS-for-non-employee-sales","82.48091603053435","total-gross-revenues","1319899","total-labor-costs","121420.62000000001","cogs","649380","total-profits","670518.7799999992","gross-margin","50.8","EPIs:","","total-earnings","24284.124000000003","total-hours-scheduled","1815.3999999999996","total-hours-worked","1798.8239999999998","total-idle-time","17401.8","total-misc-task-time","29847","total-productivity","50128","total-rest-time","14109.4","total-revenues","242369.8","total-tardy-time","2693.2","total-sales-closed","1600.2"
"KPI-EPI-lists company 0","21","false","365","30","true","0.15","false","false","false","false","366","name","Fashion1","total-customer-visits","27180","total-customers-helped","23079","total-sales-closed","10248","total-employee-revenues","1664589","ATS-for-employee-sales","162.4306206088993","total-non-employee-revenues","49123","ATS-for-non-employee-sales","82.97804054054055","total-gross-revenues","1713712","total-labor-costs","163318.8","cogs","848804","total-profits","864908.3999999999","gross-margin","50.5","EPIs:","","total-earnings","32663.760000000002","total-hours-scheduled","2184.2400000000007","total-hours-worked","2177.5840000000007","total-idle-time","23770.6","total-misc-task-time","47490.4","total-productivity","48133.8","total-rest-time","17053.6","total-revenues","332917.8","total-tardy-time","1028.2","total-sales-closed","2049.6"
"KPI-EPI-lists company 1","21","false","365","30","true","0.15","false","false","false","false","366","name","Fashion2","total-customer-visits","26948","total-customers-helped","15892","total-sales-closed","7287","total-employee-revenues","1055927","ATS-for-employee-sales","144.90558528887058","total-non-employee-revenues","126463","ATS-for-non-employee-sales","82.01232166018158","total-gross-revenues","1182390","total-labor-costs","119319.21000000004","cogs","592275","total-profits","590114.7900000003","gross-margin","49.9","EPIs:","","total-earnings","23863.84200000001","total-hours-scheduled","1790.3200000000004","total-hours-worked","1767.6920000000005","total-idle-time","17788","total-misc-task-time","27030.6","total-productivity","50512.6","total-rest-time","14208","total-revenues","211185.4","total-tardy-time","3959","total-sales-closed","1457.4"
"KPI-EPI-lists company 0","22","false","365","30","true","0.15","false","false","false","false","366","name","Fashion1","total-customer-visits","26783","total-customers-helped","22474","total-sales-closed","10003","total-employee-revenues","1618189","ATS-for-employee-sales","161.7703688893332","total-non-employee-revenues","45603","ATS-for-non-employee-sales","82.16756756756757","total-gross-revenues","1663792","total-labor-costs","163539.15000000002","cogs","829056","total-profits","834736.05","gross-margin","50.2","EPIs:","","total-earnings","32707.830000000005","total-hours-scheduled","2188.5400000000004","total-hours-worked","2180.5220000000004","total-idle-time","23792.2","total-misc-task-time","48324","total-productivity","47546.8","total-rest-time","16896.2","total-revenues","323637.8","total-tardy-time","1066.8","total-sales-closed","2000.6"
"KPI-EPI-lists company 1","22","false","365","30","true","0.15","false","false","false","false","366","name","Fashion2","total-customer-visits","27284","total-customers-helped","16216","total-sales-closed","7288","total-employee-revenues","1061382","ATS-for-employee-sales","145.63419319429198","total-non-employee-revenues","127336","ATS-for-non-employee-sales","82.90104166666667","total-gross-revenues","1188718","total-labor-costs","120580.64999999983","cogs","596068","total-profits","592650.1500000006","gross-margin","49.9","EPIs:","","total-earnings","24116.13","total-hours-scheduled","1808.72","total-hours-worked","1786.3800000000003","total-idle-time","17488.2","total-misc-task-time","27045.2","total-productivity","51600.4","total-rest-time","14302.6","total-revenues","212276.4","total-tardy-time","3664.2","total-sales-closed","1457.6"
"KPI-EPI-lists company 0","23","false","365","30","true","0.15","false","false","false","false","366","name","Fashion1","total-customer-visits","26897","total-customers-helped","22813","total-sales-closed","10307","total-employee-revenues","1676353","ATS-for-employee-sales","162.64218492286795","total-non-employee-revenues","45794","ATS-for-non-employee-sales","82.06810035842294","total-gross-revenues","1722147","total-labor-costs","162667.94999999984","cogs","851527","total-profits","870620.249999999","gross-margin","50.6","EPIs:","","total-earnings","32533.590000000004","total-hours-scheduled","2175.219999999999","total-hours-worked","2168.905999999999","total-idle-time","24042","total-misc-task-time","47332.8","total-productivity","47705.8","total-rest-time","16935.2","total-revenues","335270.6","total-tardy-time","1064.2","total-sales-closed","2061.4"
"KPI-EPI-lists company 1","23","false","365","30","true","0.15","false","false","false","false","366","name","Fashion2","total-customer-visits","26968","total-customers-helped","16696","total-sales-closed","7616","total-employee-revenues","1106768","ATS-for-employee-sales","145.32142857142858","total-non-employee-revenues","117262","ATS-for-non-employee-sales","82.28912280701755","total-gross-revenues","1224030","total-labor-costs","123549.57000000005","cogs","613162","total-profits","610868.4299999997","gross-margin","49.9","EPIs:","","total-earnings","24709.91400000001","total-hours-scheduled","1849.1799999999998","total-hours-worked","1830.3640000000003","total-idle-time","17993.2","total-misc-task-time","28662.4","total-productivity","52030.8","total-rest-time","14607.8","total-revenues","221353.6","total-tardy-time","3283.4","total-sales-closed","1523.2"
"KPI-EPI-lists company 0","24","false","365","30","true","0.15","false","false","false","false","366","name","Fashion1","total-customer-visits","26757","total-customers-helped","22410","total-sales-closed","10120","total-employee-revenues","1630509","ATS-for-employee-sales","161.11749011857708","total-non-employee-revenues","53822","ATS-for-non-employee-sales","83.1870170015456","total-gross-revenues","1684331","total-labor-costs","163804.35","cogs","837537","total-profits","846794.2499999999","gross-margin","50.3","EPIs:","","total-earnings","32760.870000000006","total-hours-scheduled","2192.1599999999994","total-hours-worked","2184.058","total-idle-time","23759.6","total-misc-task-time","47798.2","total-productivity","48336","total-rest-time","16779.8","total-revenues","326101.8","total-tardy-time","1138.6","total-sales-closed","2024"
"KPI-EPI-lists company 1","24","false","365","30","true","0.15","false","false","false","false","366","name","Fashion2","total-customer-visits","27064","total-customers-helped","16582","total-sales-closed","7442","total-employee-revenues","1086864","ATS-for-employee-sales","146.0446116635313","total-non-employee-revenues","119118","ATS-for-non-employee-sales","82.60610263522885","total-gross-revenues","1205982","total-labor-costs","121269.82500000001","cogs","603663","total-profits","602319.3750000003","gross-margin","49.9","EPIs:","","total-earnings","24253.965000000007","total-hours-scheduled","1814.42","total-hours-worked","1796.5900000000001","total-idle-time","17476.8","total-misc-task-time","28326.8","total-productivity","51038.4","total-rest-time","14284.8","total-revenues","217372.8","total-tardy-time","3597.4","total-sales-closed","1488.4"
"KPI-EPI-lists company 0","25","false","365","30","true","0.15","false","false","false","false","366","name","Fashion1","total-customer-visits","26992","total-customers-helped","22370","total-sales-closed","10007","total-employee-revenues","1609325","ATS-for-employee-sales","160.81992605176376","total-non-employee-revenues","48648","ATS-for-non-employee-sales","82.0370994940978","total-gross-revenues","1657973","total-labor-costs","163462.50000000006","cogs","826652","total-profits","831321.2999999997","gross-margin","50.1","EPIs:","","total-earnings","32692.500000000007","total-hours-scheduled","2188.7599999999998","total-hours-worked","2179.5","total-idle-time","23697.4","total-misc-task-time","46633.2","total-productivity","49321.6","total-rest-time","16686.4","total-revenues","321865","total-tardy-time","1115.2","total-sales-closed","2001.4"
"KPI-EPI-lists company 1","25","false","365","30","true","0.15","false","false","false","false","366","name","Fashion2","total-customer-visits","26984","total-customers-helped","16890","total-sales-closed","7507","total-employee-revenues","1103680","ATS-for-employee-sales","147.02011455974423","total-non-employee-revenues","115751","ATS-for-non-employee-sales","82.09290780141843","total-gross-revenues","1219431","total-labor-costs","121133.61000000006","cogs","608906","total-profits","610524.9899999999","gross-margin","50.1","EPIs:","","total-earnings","24226.722","total-hours-scheduled","1816.02","total-hours-worked","1794.5720000000001","total-idle-time","17737.4","total-misc-task-time","27714","total-productivity","51490","total-rest-time","14254","total-revenues","220736","total-tardy-time","3329.8","total-sales-closed","1501.4"
"KPI-EPI-lists company 0","26","false","365","30","true","0.15","false","false","false","false","366","name","Fashion1","total-customer-visits","26668","total-customers-helped","22497","total-sales-closed","10032","total-employee-revenues","1623587","ATS-for-employee-sales","161.84080940988835","total-non-employee-revenues","48292","ATS-for-non-employee-sales","82.55042735042736","total-gross-revenues","1671879","total-labor-costs","164652.89999999997","cogs","833405","total-profits","838474.4999999999","gross-margin","50.2","EPIs:","","total-earnings","32930.58000000001","total-hours-scheduled","2202.399999999999","total-hours-worked","2195.3719999999994","total-idle-time","24447.8","total-misc-task-time","48357.4","total-productivity","47907.4","total-rest-time","17038.2","total-revenues","324717.4","total-tardy-time","1087.8","total-sales-closed","2006.4"
"KPI-EPI-lists company 1","26","false","365","30","true","0.15","false","false","false","false","366","name","Fashion2","total-customer-visits","27357","total-customers-helped","16527","total-sales-closed","7328","total-employee-revenues","1072918","ATS-for-employee-sales","146.4134825327511","total-non-employee-revenues","128250","ATS-for-non-employee-sales","82.5820991629105","total-gross-revenues","1201168","total-labor-costs","119222.41500000007","cogs","599690","total-profits","601478.385","gross-margin","50.1","EPIs:","","total-earnings","23844.48300000001","total-hours-scheduled","1787.3200000000002","total-hours-worked","1766.2580000000005","total-idle-time","17419.6","total-misc-task-time","26585.4","total-productivity","51252.6","total-rest-time","14099","total-revenues","214583.6","total-tardy-time","3551","total-sales-closed","1465.6"
"KPI-EPI-lists company 0","27","false","365","30","true","0.15","false","false","false","false","366","name","Fashion1","total-customer-visits","27054","total-customers-helped","22582","total-sales-closed","10072","total-employee-revenues","1627725","ATS-for-employee-sales","161.6089158061954","total-non-employee-revenues","52694","ATS-for-non-employee-sales","82.59247648902821","total-gross-revenues","1680419","total-labor-costs","164419.65000000002","cogs","836587","total-profits","843831.7500000003","gross-margin","50.2","EPIs:","","total-earnings","32883.93000000001","total-hours-scheduled","2201.1600000000008","total-hours-worked","2192.262","total-idle-time","24277","total-misc-task-time","46991.6","total-productivity","49177.2","total-rest-time","16941.6","total-revenues","325545","total-tardy-time","1299","total-sales-closed","2014.4"
"KPI-EPI-lists company 1","27","false","365","30","true","0.15","false","false","false","false","366","name","Fashion2","total-customer-visits","27057","total-customers-helped","16857","total-sales-closed","7477","total-employee-revenues","1099217","ATS-for-employee-sales","147.0131068610405","total-non-employee-revenues","117594","ATS-for-non-employee-sales","82.63808854532678","total-gross-revenues","1216811","total-labor-costs","120883.32","cogs","607608","total-profits","609203.2800000005","gross-margin","50.1","EPIs:","","total-earnings","24176.664000000008","total-hours-scheduled","1806.5200000000004","total-hours-worked","1790.864","total-idle-time","17441.2","total-misc-task-time","28294.4","total-productivity","50870.8","total-rest-time","14250.4","total-revenues","219843.4","total-tardy-time","3030.8","total-sales-closed","1495.4"
"KPI-EPI-lists company 0","28","false","365","30","true","0.15","false","false","false","false","366","name","Fashion1","total-customer-visits","27117","total-customers-helped","22762","total-sales-closed","10177","total-employee-revenues","1647688","ATS-for-employee-sales","161.90311486685664","total-non-employee-revenues","48838","ATS-for-non-employee-sales","82.49662162162163","total-gross-revenues","1696526","total-labor-costs","164189.55","cogs","842800","total-profits","853726.0500000004","gross-margin","50.3","EPIs:","","total-earnings","32837.91","total-hours-scheduled","2197.4000000000005","total-hours-worked","2189.1940000000004","total-idle-time","24017.6","total-misc-task-time","47626.4","total-productivity","48586","total-rest-time","16942.6","total-revenues","329537.6","total-tardy-time","1143.4","total-sales-closed","2035.4"
"KPI-EPI-lists company 1","28","false","365","30","true","0.15","false","false","false","false","366","name","Fashion2","total-customer-visits","27267","total-customers-helped","16847","total-sales-closed","7634","total-employee-revenues","1114102","ATS-for-employee-sales","145.93948126801152","total-non-employee-revenues","118218","ATS-for-non-employee-sales","83.07659873506677","total-gross-revenues","1232320","total-labor-costs","122831.1000000001","cogs","615759","total-profits","616560.8999999994","gross-margin","50","EPIs:","","total-earnings","24566.22000000001","total-hours-scheduled","1838.3200000000002","total-hours-worked","1819.72","total-idle-time","18065.6","total-misc-task-time","28046.8","total-productivity","52045.2","total-rest-time","14509.6","total-revenues","222820.4","total-tardy-time","3471.4","total-sales-closed","1526.8"
"KPI-EPI-lists company 0","29","false","365","30","true","0.15","false","false","false","false","366","name","Fashion1","total-customer-visits","26650","total-customers-helped","22561","total-sales-closed","10105","total-employee-revenues","1642479","ATS-for-employee-sales","162.54121721919842","total-non-employee-revenues","46683","ATS-for-non-employee-sales","82.04393673110721","total-gross-revenues","1689162","total-labor-costs","163665.89999999994","cogs","839331","total-profits","849831.3000000004","gross-margin","50.3","EPIs:","","total-earnings","32733.180000000004","total-hours-scheduled","2188.3599999999997","total-hours-worked","2182.2119999999995","total-idle-time","24149.2","total-misc-task-time","48573.8","total-productivity","47253.2","total-rest-time","16882.6","total-revenues","328495.8","total-tardy-time","992.6","total-sales-closed","2021"
"KPI-EPI-lists company 1","29","false","365","30","true","0.15","false","false","false","false","366","name","Fashion2","total-customer-visits","27012","total-customers-helped","16411","total-sales-closed","7313","total-employee-revenues","1062523","ATS-for-employee-sales","145.29235607821687","total-non-employee-revenues","120428","ATS-for-non-employee-sales","82.03542234332426","total-gross-revenues","1182951","total-labor-costs","121525.78500000009","cogs","594706","total-profits","588244.8149999998","gross-margin","49.7","EPIs:","","total-earnings","24305.15700000001","total-hours-scheduled","1822.3999999999996","total-hours-worked","1800.382","total-idle-time","17771.6","total-misc-task-time","27536.6","total-productivity","51702.4","total-rest-time","14427.4","total-revenues","212504.6","total-tardy-time","3718.2","total-sales-closed","1462.6"
"KPI-EPI-lists company 0","30","false","365","30","true","0.15","false","false","false","false","366","name","Fashion1","total-customer-visits","27173","total-customers-helped","22650","total-sales-closed","10198","total-employee-revenues","1649676","ATS-for-employee-sales","161.76465973720337","total-non-employee-revenues","51805","ATS-for-non-employee-sales","82.36089030206678","total-gross-revenues","1701481","total-labor-costs","164796.90000000008","cogs","845389","total-profits","856091.6999999998","gross-margin","50.3","EPIs:","","total-earnings","32959.380000000005","total-hours-scheduled","2204.2200000000003","total-hours-worked","2197.2920000000004","total-idle-time","23994","total-misc-task-time","47674","total-productivity","48995.8","total-rest-time","16923.2","total-revenues","329935.2","total-tardy-time","1167.8","total-sales-closed","2039.6"
"KPI-EPI-lists company 1","30","false","365","30","true","0.15","false","false","false","false","366","name","Fashion2","total-customer-visits","26785","total-customers-helped","16290","total-sales-closed","7469","total-employee-revenues","1088761","ATS-for-employee-sales","145.77065202838398","total-non-employee-revenues","118263","ATS-for-non-employee-sales","82.3558495821727","total-gross-revenues","1207024","total-labor-costs","121079.07000000004","cogs","603889","total-profits","603135.3300000004","gross-margin","50","EPIs:","","total-earnings","24215.81399999999","total-hours-scheduled","1817.9399999999994","total-hours-worked","1793.7639999999988","total-idle-time","17790.8","total-misc-task-time","28177.4","total-productivity","50810.8","total-rest-time","14314","total-revenues","217752.2","total-tardy-time","3777","total-sales-closed","1493.8"
"KPI-EPI-lists company 0","31","false","365","30","true","0.2","false","false","false","false","366","name","Fashion1","total-customer-visits","26938","total-customers-helped","22375","total-sales-closed","10097","total-employee-revenues","1617628","ATS-for-employee-sales","160.2087748836288","total-non-employee-revenues","55333","ATS-for-non-employee-sales","82.5865671641791","total-gross-revenues","1672961","total-labor-costs","164304.14999999994","cogs","833489","total-profits","839472.4499999997","gross-margin","50.2","EPIs:","","total-earnings","32860.83","total-hours-scheduled","2198.6399999999985","total-hours-worked","2190.721999999999","total-idle-time","23861","total-misc-task-time","47361.4","total-productivity","49171.4","total-rest-time","16704.6","total-revenues","323525.6","total-tardy-time","1216.6","total-sales-closed","2019.4"
"KPI-EPI-lists company 1","31","false","365","30","true","0.2","false","false","false","false","366","name","Fashion2","total-customer-visits","27164","total-customers-helped","15347","total-sales-closed","6904","total-employee-revenues","970596","ATS-for-employee-sales","140.5845886442642","total-non-employee-revenues","132124","ATS-for-non-employee-sales","83.0446260213702","total-gross-revenues","1102720","total-labor-costs","121503.37500000004","cogs","562591","total-profits","540128.6249999998","gross-margin","49","EPIs:","","total-earnings","24300.67500000001","total-hours-scheduled","1828.6600000000005","total-hours-worked","1800.05","total-idle-time","17943.6","total-misc-task-time","25992.6","total-productivity","52459.6","total-rest-time","14818.4","total-revenues","194119.2","total-tardy-time","4870.6","total-sales-closed","1380.8"
"KPI-EPI-lists company 0","32","false","365","30","true","0.2","false","false","false","false","366","name","Fashion1","total-customer-visits","26867","total-customers-helped","22423","total-sales-closed","10032","total-employee-revenues","1612657","ATS-for-employee-sales","160.75129585326954","total-non-employee-revenues","55407","ATS-for-non-employee-sales","82.69701492537314","total-gross-revenues","1668064","total-labor-costs","165492.75000000006","cogs","832718","total-profits","835345.6499999996","gross-margin","50.1","EPIs:","","total-earnings","33098.55","total-hours-scheduled","2213.7999999999997","total-hours-worked","2206.57","total-idle-time","24100","total-misc-task-time","47858","total-productivity","49147.2","total-rest-time","17026.6","total-revenues","322531.4","total-tardy-time","1130.8","total-sales-closed","2006.4"
"KPI-EPI-lists company 1","32","false","365","30","true","0.2","false","false","false","false","366","name","Fashion2","total-customer-visits","27067","total-customers-helped","14688","total-sales-closed","6684","total-employee-revenues","928770","ATS-for-employee-sales","138.95421903052065","total-non-employee-revenues","139689","ATS-for-non-employee-sales","82.75414691943128","total-gross-revenues","1068459","total-labor-costs","119123.73000000004","cogs","546507","total-profits","521951.6699999999","gross-margin","48.9","EPIs:","","total-earnings","23824.746000000006","total-hours-scheduled","1793.9","total-hours-worked","1764.7960000000003","total-idle-time","17905.8","total-misc-task-time","24992.8","total-productivity","51576.6","total-rest-time","14589","total-revenues","185754","total-tardy-time","5163.2","total-sales-closed","1336.8"
"KPI-EPI-lists company 0","33","false","365","30","true","0.2","false","false","false","false","366","name","Fashion1","total-customer-visits","27142","total-customers-helped","22789","total-sales-closed","10246","total-employee-revenues","1657926","ATS-for-employee-sales","161.81202420456765","total-non-employee-revenues","52336","ATS-for-non-employee-sales","81.90297339593114","total-gross-revenues","1710262","total-labor-costs","164660.1000000001","cogs","848765","total-profits","861497.0999999999","gross-margin","50.4","EPIs:","","total-earnings","32932.020000000004","total-hours-scheduled","2202.2200000000003","total-hours-worked","2195.4680000000008","total-idle-time","24202.2","total-misc-task-time","48198.4","total-productivity","48272.2","total-rest-time","16981.4","total-revenues","331585.2","total-tardy-time","1045.6","total-sales-closed","2049.2"
"KPI-EPI-lists company 1","33","false","365","30","true","0.2","false","false","false","false","366","name","Fashion2","total-customer-visits","26936","total-customers-helped","15506","total-sales-closed","6972","total-employee-revenues","984431","ATS-for-employee-sales","141.19779116465864","total-non-employee-revenues","133381","ATS-for-non-employee-sales","82.53774752475248","total-gross-revenues","1117812","total-labor-costs","121942.12500000003","cogs","569067","total-profits","548745.0750000002","gross-margin","49.1","EPIs:","","total-earnings","24388.425000000003","total-hours-scheduled","1831.0799999999995","total-hours-worked","1806.5499999999997","total-idle-time","17829.2","total-misc-task-time","26722","total-productivity","52302.4","total-rest-time","14789","total-revenues","196886.2","total-tardy-time","4748.8","total-sales-closed","1394.4"
"KPI-EPI-lists company 0","34","false","365","30","true","0.2","false","false","false","false","366","name","Fashion1","total-customer-visits","27033","total-customers-helped","22745","total-sales-closed","10280","total-employee-revenues","1669540","ATS-for-employee-sales","162.40661478599222","total-non-employee-revenues","52736","ATS-for-non-employee-sales","83.0488188976378","total-gross-revenues","1722276","total-labor-costs","163311.45","cogs","852222","total-profits","870054.1499999992","gross-margin","50.5","EPIs:","","total-earnings","32662.29","total-hours-scheduled","2184.2600000000007","total-hours-worked","2177.4860000000003","total-idle-time","23729.8","total-misc-task-time","47452.2","total-productivity","48195.4","total-rest-time","16987.2","total-revenues","333908","total-tardy-time","1053.4","total-sales-closed","2056"
"KPI-EPI-lists company 1","34","false","365","30","true","0.2","false","false","false","false","366","name","Fashion2","total-customer-visits","26964","total-customers-helped","15191","total-sales-closed","6856","total-employee-revenues","959762","ATS-for-employee-sales","139.98862310385064","total-non-employee-revenues","133559","ATS-for-non-employee-sales","82.44382716049383","total-gross-revenues","1093321","total-labor-costs","121818.19499999992","cogs","559147","total-profits","534174.4049999997","gross-margin","48.9","EPIs:","","total-earnings","24363.639000000003","total-hours-scheduled","1834.1999999999996","total-hours-worked","1804.714","total-idle-time","18324.8","total-misc-task-time","26171.4","total-productivity","52243","total-rest-time","14866.2","total-revenues","191952.4","total-tardy-time","4998.2","total-sales-closed","1371.2"
"KPI-EPI-lists company 0","35","false","365","30","true","0.2","false","false","false","false","366","name","Fashion1","total-customer-visits","26847","total-customers-helped","22638","total-sales-closed","10105","total-employee-revenues","1636048","ATS-for-employee-sales","161.90479960415635","total-non-employee-revenues","46548","ATS-for-non-employee-sales","82.3858407079646","total-gross-revenues","1682596","total-labor-costs","163431.74999999997","cogs","836470","total-profits","846125.8500000002","gross-margin","50.3","EPIs:","","total-earnings","32686.35","total-hours-scheduled","2186.5999999999995","total-hours-worked","2179.0899999999997","total-idle-time","23724.6","total-misc-task-time","47660","total-productivity","48201.6","total-rest-time","16852.6","total-revenues","327209.6","total-tardy-time","1154","total-sales-closed","2021"
"KPI-EPI-lists company 1","35","false","365","30","true","0.2","false","false","false","false","366","name","Fashion2","total-customer-visits","26924","total-customers-helped","14810","total-sales-closed","6591","total-employee-revenues","916393","ATS-for-employee-sales","139.03702017903203","total-non-employee-revenues","136116","ATS-for-non-employee-sales","83.0989010989011","total-gross-revenues","1052509","total-labor-costs","119336.355","cogs","540340","total-profits","512169.04500000033","gross-margin","48.7","EPIs:","","total-earnings","23867.271000000008","total-hours-scheduled","1793","total-hours-worked","1767.9460000000004","total-idle-time","17795.8","total-misc-task-time","25196.6","total-productivity","51672.8","total-rest-time","14618.4","total-revenues","183278.6","total-tardy-time","4417.2","total-sales-closed","1318.2"
"KPI-EPI-lists company 0","36","false","365","30","true","0.2","false","false","false","false","366","name","Fashion1","total-customer-visits","26918","total-customers-helped","22713","total-sales-closed","10111","total-employee-revenues","1641133","ATS-for-employee-sales","162.3116407872614","total-non-employee-revenues","45273","ATS-for-non-employee-sales","82.76599634369288","total-gross-revenues","1686406","total-labor-costs","164366.85","cogs","838929","total-profits","847476.7499999988","gross-margin","50.3","EPIs:","","total-earnings","32873.37000000001","total-hours-scheduled","2198.7799999999997","total-hours-worked","2191.5579999999995","total-idle-time","24038.8","total-misc-task-time","48309","total-productivity","48019.2","total-rest-time","16989","total-revenues","328226.6","total-tardy-time","1100.2","total-sales-closed","2022.2"
"KPI-EPI-lists company 1","36","false","365","30","true","0.2","false","false","false","false","366","name","Fashion2","total-customer-visits","26938","total-customers-helped","14750","total-sales-closed","6677","total-employee-revenues","931609","ATS-for-employee-sales","139.5250861165194","total-non-employee-revenues","145694","ATS-for-non-employee-sales","82.87485779294653","total-gross-revenues","1077303","total-labor-costs","120451.86000000006","cogs","551373","total-profits","525929.9399999997","gross-margin","48.8","EPIs:","","total-earnings","24090.372000000007","total-hours-scheduled","1811.6599999999999","total-hours-worked","1784.4720000000002","total-idle-time","18069.2","total-misc-task-time","25413.4","total-productivity","52091.2","total-rest-time","14770.8","total-revenues","186321.8","total-tardy-time","5050.8","total-sales-closed","1335.4"
"KPI-EPI-lists company 0","37","false","365","30","true","0.2","false","false","false","false","366","name","Fashion1","total-customer-visits","26759","total-customers-helped","22565","total-sales-closed","10115","total-employee-revenues","1637718","ATS-for-employee-sales","161.90983687592683","total-non-employee-revenues","51079","ATS-for-non-employee-sales","82.65210355987055","total-gross-revenues","1688797","total-labor-costs","164044.65000000005","cogs","839563","total-profits","849233.5500000004","gross-margin","50.3","EPIs:","","total-earnings","32808.93000000001","total-hours-scheduled","2194.8399999999997","total-hours-worked","2187.262","total-idle-time","24172","total-misc-task-time","47681.4","total-productivity","48343.6","total-rest-time","16935.2","total-revenues","327543.6","total-tardy-time","1078.8","total-sales-closed","2023"
"KPI-EPI-lists company 1","37","false","365","30","true","0.2","false","false","false","false","366","name","Fashion2","total-customer-visits","27050","total-customers-helped","15114","total-sales-closed","6791","total-employee-revenues","956350","ATS-for-employee-sales","140.82609335885732","total-non-employee-revenues","139060","ATS-for-non-employee-sales","82.18676122931443","total-gross-revenues","1095410","total-labor-costs","121033.84499999999","cogs","559198","total-profits","536212.155","gross-margin","49","EPIs:","","total-earnings","24206.769000000004","total-hours-scheduled","1819.2400000000002","total-hours-worked","1793.0940000000003","total-idle-time","18240.4","total-misc-task-time","25746.4","total-productivity","52106.8","total-rest-time","14848.4","total-revenues","191270","total-tardy-time","4594","total-sales-closed","1358.2"
"KPI-EPI-lists company 0","38","false","365","30","true","0.2","false","false","false","false","366","name","Fashion1","total-customer-visits","26937","total-customers-helped","22607","total-sales-closed","10154","total-employee-revenues","1641697","ATS-for-employee-sales","161.67983060862713","total-non-employee-revenues","48120","ATS-for-non-employee-sales","82.25641025641026","total-gross-revenues","1689817","total-labor-costs","164461.04999999987","cogs","840388","total-profits","849429.1499999994","gross-margin","50.3","EPIs:","","total-earnings","32892.21000000001","total-hours-scheduled","2200.0000000000005","total-hours-worked","2192.8140000000003","total-idle-time","23987.4","total-misc-task-time","48488.6","total-productivity","47985.2","total-rest-time","16953","total-revenues","328339.4","total-tardy-time","1153.6","total-sales-closed","2030.8"
"KPI-EPI-lists company 1","38","false","365","30","true","0.2","false","false","false","false","366","name","Fashion2","total-customer-visits","27026","total-customers-helped","15513","total-sales-closed","6966","total-employee-revenues","986085","ATS-for-employee-sales","141.55684754521963","total-non-employee-revenues","130876","ATS-for-non-employee-sales","82.67593177511056","total-gross-revenues","1116961","total-labor-costs","120305.25000000006","cogs","567090","total-profits","549871.3500000002","gross-margin","49.2","EPIs:","","total-earnings","24061.049999999996","total-hours-scheduled","1808.2599999999995","total-hours-worked","1782.2999999999997","total-idle-time","17782.4","total-misc-task-time","25869.4","total-productivity","51969","total-rest-time","14573.2","total-revenues","197217","total-tardy-time","4633.2","total-sales-closed","1393.2"
"KPI-EPI-lists company 0","39","false","365","30","true","0.2","false","false","false","false","366","name","Fashion1","total-customer-visits","26934","total-customers-helped","22690","total-sales-closed","10203","total-employee-revenues","1655446","ATS-for-employee-sales","162.25090659609918","total-non-employee-revenues","50923","ATS-for-non-employee-sales","83.48032786885246","total-gross-revenues","1706369","total-labor-costs","165081.45","cogs","847629","total-profits","858739.9500000002","gross-margin","50.3","EPIs:","","total-earnings","33016.29000000001","total-hours-scheduled","2208.560000000001","total-hours-worked","2201.0860000000007","total-idle-time","24141","total-misc-task-time","48592","total-productivity","48076","total-rest-time","17122.4","total-revenues","331089.2","total-tardy-time","1192.4","total-sales-closed","2040.6"
"KPI-EPI-lists company 1","39","false","365","30","true","0.2","false","false","false","false","366","name","Fashion2","total-customer-visits","27034","total-customers-helped","15161","total-sales-closed","6781","total-employee-revenues","955207","ATS-for-employee-sales","140.8652116207049","total-non-employee-revenues","137275","ATS-for-non-employee-sales","82.10227272727273","total-gross-revenues","1092482","total-labor-costs","120385.8449999999","cogs","557379","total-profits","535103.3549999997","gross-margin","49","EPIs:","","total-earnings","24077.169000000016","total-hours-scheduled","1806.1600000000005","total-hours-worked","1783.4940000000006","total-idle-time","18169.4","total-misc-task-time","25580.8","total-productivity","51984.2","total-rest-time","14583.8","total-revenues","191041.4","total-tardy-time","4280.6","total-sales-closed","1356.2"
"KPI-EPI-lists company 0","40","false","365","30","true","0.2","false","false","false","false","366","name","Fashion1","total-customer-visits","26821","total-customers-helped","22369","total-sales-closed","10044","total-employee-revenues","1622191","ATS-for-employee-sales","161.5084627638391","total-non-employee-revenues","53144","ATS-for-non-employee-sales","83.16744913928012","total-gross-revenues","1675335","total-labor-costs","163134.0000000001","cogs","833268","total-profits","842066.9999999999","gross-margin","50.3","EPIs:","","total-earnings","32626.8","total-hours-scheduled","2182.7400000000002","total-hours-worked","2175.12","total-idle-time","23749.6","total-misc-task-time","47245.8","total-productivity","48452.4","total-rest-time","16706","total-revenues","324438.2","total-tardy-time","1161.8","total-sales-closed","2008.8"
"KPI-EPI-lists company 1","40","false","365","30","true","0.2","false","false","false","false","366","name","Fashion2","total-customer-visits","26852","total-customers-helped","14752","total-sales-closed","6597","total-employee-revenues","920913","ATS-for-employee-sales","139.5957253296953","total-non-employee-revenues","140369","ATS-for-non-employee-sales","82.42454492072812","total-gross-revenues","1061282","total-labor-costs","119951.41499999996","cogs","544464","total-profits","516817.78500000027","gross-margin","48.7","EPIs:","","total-earnings","23990.283000000007","total-hours-scheduled","1805.44","total-hours-worked","1777.0580000000002","total-idle-time","18192.4","total-misc-task-time","25571","total-productivity","51537.4","total-rest-time","14641.2","total-revenues","184182.6","total-tardy-time","4771.8","total-sales-closed","1319.4"
"KPI-EPI-lists company 0","41","false","365","30","true","0.05","true","false","false","false","366","name","Fashion1","total-customer-visits","26974","total-customers-helped","22838","total-sales-closed","10300","total-employee-revenues","1669331","ATS-for-employee-sales","162.07097087378642","total-non-employee-revenues","45249","ATS-for-non-employee-sales","82.12159709618875","total-gross-revenues","1714580","total-labor-costs","164210.54999999993","cogs","850043","total-profits","864537.45","gross-margin","50.4","EPIs:","","total-earnings","32842.11","total-hours-scheduled","2197.5600000000004","total-hours-worked","2189.474000000001","total-idle-time","24312.2","total-misc-task-time","48045.6","total-productivity","47947.4","total-rest-time","17053.4","total-revenues","333866.2","total-tardy-time","1224.8","total-sales-closed","2060"
"KPI-EPI-lists company 1","41","false","365","30","true","0.05","true","false","false","false","366","name","Fashion2","total-customer-visits","26865","total-customers-helped","20127","total-sales-closed","9102","total-employee-revenues","1435452","ATS-for-employee-sales","157.70731707317074","total-non-employee-revenues","76992","ATS-for-non-employee-sales","83.2345945945946","total-gross-revenues","1512444","total-labor-costs","122633.59500000003","cogs","727611","total-profits","784832.8050000003","gross-margin","51.9","EPIs:","","total-earnings","24526.719000000012","total-hours-scheduled","1825.0800000000006","total-hours-worked","1816.7940000000003","total-idle-time","17286.2","total-misc-task-time","34603.8","total-productivity","46992.4","total-rest-time","14039.6","total-revenues","287090.4","total-tardy-time","1428.4","total-sales-closed","1820.4"
"KPI-EPI-lists company 0","42","false","365","30","true","0.05","true","false","false","false","366","name","Fashion1","total-customer-visits","27143","total-customers-helped","22796","total-sales-closed","10163","total-employee-revenues","1654897","ATS-for-employee-sales","162.83548164911934","total-non-employee-revenues","48850","ATS-for-non-employee-sales","82.10084033613445","total-gross-revenues","1703747","total-labor-costs","162873.59999999995","cogs","844372","total-profits","859374.6000000008","gross-margin","50.4","EPIs:","","total-earnings","32574.72","total-hours-scheduled","2177.88","total-hours-worked","2171.648","total-idle-time","23931.4","total-misc-task-time","47162.8","total-productivity","48045","total-rest-time","16944.6","total-revenues","330979.4","total-tardy-time","1037","total-sales-closed","2032.6"
"KPI-EPI-lists company 1","42","false","365","30","true","0.05","true","false","false","false","366","name","Fashion2","total-customer-visits","27177","total-customers-helped","20741","total-sales-closed","9293","total-employee-revenues","1481437","ATS-for-employee-sales","159.41429032605186","total-non-employee-revenues","76631","ATS-for-non-employee-sales","82.31041890440386","total-gross-revenues","1558068","total-labor-costs","123296.98499999997","cogs","746524","total-profits","811543.8149999996","gross-margin","52.1","EPIs:","","total-earnings","24659.396999999994","total-hours-scheduled","1834.1599999999999","total-hours-worked","1826.6219999999994","total-idle-time","17657.8","total-misc-task-time","34701","total-productivity","47157.2","total-rest-time","14266","total-revenues","296287.4","total-tardy-time","1396","total-sales-closed","1858.6"
"KPI-EPI-lists company 0","43","false","365","30","true","0.05","true","false","false","false","366","name","Fashion1","total-customer-visits","27044","total-customers-helped","22636","total-sales-closed","10156","total-employee-revenues","1644150","ATS-for-employee-sales","161.889523434423","total-non-employee-revenues","50967","ATS-for-non-employee-sales","82.87317073170732","total-gross-revenues","1695117","total-labor-costs","163774.80000000002","cogs","841822","total-profits","853295.4000000007","gross-margin","50.3","EPIs:","","total-earnings","32754.960000000003","total-hours-scheduled","2190.6200000000003","total-hours-worked","2183.6640000000007","total-idle-time","23829","total-misc-task-time","47867.4","total-productivity","48103.8","total-rest-time","16948.8","total-revenues","328830","total-tardy-time","1092.8","total-sales-closed","2031.2"
"KPI-EPI-lists company 1","43","false","365","30","true","0.05","true","false","false","false","366","name","Fashion2","total-customer-visits","26775","total-customers-helped","20199","total-sales-closed","9078","total-employee-revenues","1441753","ATS-for-employee-sales","158.8183520599251","total-non-employee-revenues","77754","ATS-for-non-employee-sales","82.98185699039487","total-gross-revenues","1519507","total-labor-costs","123342.61500000006","cogs","731145","total-profits","788361.5849999997","gross-margin","51.9","EPIs:","","total-earnings","24668.52300000001","total-hours-scheduled","1834.36","total-hours-worked","1827.298","total-idle-time","17514.6","total-misc-task-time","35338.2","total-productivity","46673.2","total-rest-time","14211.2","total-revenues","288350.6","total-tardy-time","1455","total-sales-closed","1815.6"
"KPI-EPI-lists company 0","44","false","365","30","true","0.05","true","false","false","false","366","name","Fashion1","total-customer-visits","26965","total-customers-helped","22419","total-sales-closed","10136","total-employee-revenues","1634229","ATS-for-employee-sales","161.23016969218628","total-non-employee-revenues","52325","ATS-for-non-employee-sales","82.66192733017378","total-gross-revenues","1686554","total-labor-costs","163103.85","cogs","837725","total-profits","848828.5499999991","gross-margin","50.3","EPIs:","","total-earnings","32620.770000000008","total-hours-scheduled","2182.9399999999996","total-hours-worked","2174.718","total-idle-time","23813.6","total-misc-task-time","47113.4","total-productivity","48493.2","total-rest-time","16756.6","total-revenues","326845.8","total-tardy-time","1205.8","total-sales-closed","2027.2"
"KPI-EPI-lists company 1","44","false","365","30","true","0.05","true","false","false","false","366","name","Fashion2","total-customer-visits","27243","total-customers-helped","20074","total-sales-closed","8964","total-employee-revenues","1413671","ATS-for-employee-sales","157.7053770638108","total-non-employee-revenues","84541","ATS-for-non-employee-sales","82.47902439024391","total-gross-revenues","1498212","total-labor-costs","121527.81000000004","cogs","720813","total-profits","777399.3899999998","gross-margin","51.9","EPIs:","","total-earnings","24305.562","total-hours-scheduled","1810.8199999999997","total-hours-worked","1800.4119999999998","total-idle-time","16842.4","total-misc-task-time","33185.6","total-productivity","47687.4","total-rest-time","14014","total-revenues","282734.2","total-tardy-time","1726.4","total-sales-closed","1792.8"
"KPI-EPI-lists company 0","45","false","365","30","true","0.05","true","false","false","false","366","name","Fashion1","total-customer-visits","27019","total-customers-helped","22762","total-sales-closed","10142","total-employee-revenues","1651611","ATS-for-employee-sales","162.84864918162097","total-non-employee-revenues","47318","ATS-for-non-employee-sales","82.57940663176265","total-gross-revenues","1698929","total-labor-costs","163221.75","cogs","842793","total-profits","856135.6499999996","gross-margin","50.4","EPIs:","","total-earnings","32644.350000000006","total-hours-scheduled","2183.96","total-hours-worked","2176.29","total-idle-time","24088.4","total-misc-task-time","47435","total-productivity","48136.4","total-rest-time","16823.4","total-revenues","330322.2","total-tardy-time","1010.8","total-sales-closed","2028.4"
"KPI-EPI-lists company 1","45","false","365","30","true","0.05","true","false","false","false","366","name","Fashion2","total-customer-visits","27398","total-customers-helped","20597","total-sales-closed","9246","total-employee-revenues","1466410","ATS-for-employee-sales","158.5993943326844","total-non-employee-revenues","73038","ATS-for-non-employee-sales","82.43566591422122","total-gross-revenues","1539448","total-labor-costs","123127.56","cogs","738907","total-profits","800541.2399999998","gross-margin","52","EPIs:","","total-earnings","24625.512000000006","total-hours-scheduled","1832.2400000000002","total-hours-worked","1824.1120000000003","total-idle-time","17473.6","total-misc-task-time","33896.4","total-productivity","47856.2","total-rest-time","14269.4","total-revenues","293282","total-tardy-time","1426.2","total-sales-closed","1849.2"
"KPI-EPI-lists company 0","46","false","365","30","true","0.05","true","false","false","false","366","name","Fashion1","total-customer-visits","26850","total-customers-helped","22494","total-sales-closed","10100","total-employee-revenues","1631561","ATS-for-employee-sales","161.54069306930694","total-non-employee-revenues","50769","ATS-for-non-employee-sales","82.55121951219512","total-gross-revenues","1682330","total-labor-costs","164926.0499999999","cogs","837858","total-profits","844471.9500000003","gross-margin","50.2","EPIs:","","total-earnings","32985.21000000001","total-hours-scheduled","2207.92","total-hours-worked","2199.014","total-idle-time","24098.4","total-misc-task-time","48332","total-productivity","48393.4","total-rest-time","16967.4","total-revenues","326312.2","total-tardy-time","1268.8","total-sales-closed","2020"
"KPI-EPI-lists company 1","46","false","365","30","true","0.05","true","false","false","false","366","name","Fashion2","total-customer-visits","27056","total-customers-helped","20035","total-sales-closed","8973","total-employee-revenues","1413704","ATS-for-employee-sales","157.5508748467625","total-non-employee-revenues","81051","ATS-for-non-employee-sales","83.04405737704919","total-gross-revenues","1494755","total-labor-costs","122696.77499999997","cogs","720599","total-profits","774156.2250000003","gross-margin","51.8","EPIs:","","total-earnings","24539.355000000003","total-hours-scheduled","1826.4199999999994","total-hours-worked","1817.7299999999996","total-idle-time","17184.2","total-misc-task-time","33952","total-productivity","47720.2","total-rest-time","14083.4","total-revenues","282740.8","total-tardy-time","1636.2","total-sales-closed","1794.6"
"KPI-EPI-lists company 0","47","false","365","30","true","0.05","true","false","false","false","366","name","Fashion1","total-customer-visits","26886","total-customers-helped","22401","total-sales-closed","10148","total-employee-revenues","1631843","ATS-for-employee-sales","160.80439495467087","total-non-employee-revenues","52617","ATS-for-non-employee-sales","83.12322274881517","total-gross-revenues","1684460","total-labor-costs","163581.6000000001","cogs","837366","total-profits","847094.4","gross-margin","50.3","EPIs:","","total-earnings","32716.32","total-hours-scheduled","2189.7400000000007","total-hours-worked","2181.0880000000006","total-idle-time","23859.4","total-misc-task-time","47581.2","total-productivity","48370.2","total-rest-time","16746.2","total-revenues","326368.6","total-tardy-time","1143.8","total-sales-closed","2029.6"
"KPI-EPI-lists company 1","47","false","365","30","true","0.05","true","false","false","false","366","name","Fashion2","total-customer-visits","27213","total-customers-helped","20237","total-sales-closed","9173","total-employee-revenues","1449141","ATS-for-employee-sales","157.97895999127874","total-non-employee-revenues","77432","ATS-for-non-employee-sales","82.02542372881356","total-gross-revenues","1526573","total-labor-costs","121190.84999999996","cogs","731820","total-profits","794752.95","gross-margin","52.1","EPIs:","","total-earnings","24238.170000000013","total-hours-scheduled","1804.9200000000005","total-hours-worked","1795.4200000000005","total-idle-time","17215.2","total-misc-task-time","32846.4","total-productivity","47582.8","total-rest-time","13989.6","total-revenues","289828.2","total-tardy-time","1702.4","total-sales-closed","1834.6"
"KPI-EPI-lists company 0","48","false","365","30","true","0.05","true","false","false","false","366","name","Fashion1","total-customer-visits","26960","total-customers-helped","22678","total-sales-closed","10145","total-employee-revenues","1654544","ATS-for-employee-sales","163.0896007885658","total-non-employee-revenues","50261","ATS-for-non-employee-sales","82.93894389438944","total-gross-revenues","1704805","total-labor-costs","163245.89999999994","cogs","845168","total-profits","859637.0999999993","gross-margin","50.4","EPIs:","","total-earnings","32649.18000000001","total-hours-scheduled","2182.5","total-hours-worked","2176.612","total-idle-time","24169.8","total-misc-task-time","48167.6","total-productivity","47261.4","total-rest-time","16949.8","total-revenues","330908.8","total-tardy-time","1008.4","total-sales-closed","2029"
"KPI-EPI-lists company 1","48","false","365","30","true","0.05","true","false","false","false","366","name","Fashion2","total-customer-visits","26831","total-customers-helped","19904","total-sales-closed","8896","total-employee-revenues","1402424","ATS-for-employee-sales","157.64658273381295","total-non-employee-revenues","81258","ATS-for-non-employee-sales","82.24493927125506","total-gross-revenues","1483682","total-labor-costs","122650.33500000002","cogs","716123","total-profits","767558.8650000002","gross-margin","51.7","EPIs:","","total-earnings","24530.067000000003","total-hours-scheduled","1827.1199999999997","total-hours-worked","1817.042","total-idle-time","17781.8","total-misc-task-time","33830.8","total-productivity","47378.2","total-rest-time","14055.8","total-revenues","280484.8","total-tardy-time","1762.4","total-sales-closed","1779.2"
"KPI-EPI-lists company 0","49","false","365","30","true","0.05","true","false","false","false","366","name","Fashion1","total-customer-visits","26975","total-customers-helped","22593","total-sales-closed","10177","total-employee-revenues","1642009","ATS-for-employee-sales","161.34509187383316","total-non-employee-revenues","48858","ATS-for-non-employee-sales","82.95076400679118","total-gross-revenues","1690867","total-labor-costs","164853.00000000003","cogs","841200","total-profits","849667.2000000004","gross-margin","50.3","EPIs:","","total-earnings","32970.600000000006","total-hours-scheduled","2206.0999999999995","total-hours-worked","2198.04","total-idle-time","23802.8","total-misc-task-time","47818.6","total-productivity","48990.8","total-rest-time","16948.2","total-revenues","328401.8","total-tardy-time","1326.8","total-sales-closed","2035.4"
"KPI-EPI-lists company 1","49","false","365","30","true","0.05","true","false","false","false","366","name","Fashion2","total-customer-visits","26957","total-customers-helped","20292","total-sales-closed","9153","total-employee-revenues","1449701","ATS-for-employee-sales","158.38533814050038","total-non-employee-revenues","80698","ATS-for-non-employee-sales","81.9269035532995","total-gross-revenues","1530399","total-labor-costs","122675.71500000003","cogs","734835","total-profits","795563.6850000002","gross-margin","52","EPIs:","","total-earnings","24535.143000000004","total-hours-scheduled","1825.94","total-hours-worked","1817.4180000000001","total-idle-time","17491.4","total-misc-task-time","34452.2","total-productivity","46997.4","total-rest-time","14172.6","total-revenues","289940.2","total-tardy-time","1582.2","total-sales-closed","1830.6"
"KPI-EPI-lists company 0","50","false","365","30","true","0.05","true","false","false","false","366","name","Fashion1","total-customer-visits","27220","total-customers-helped","22655","total-sales-closed","10255","total-employee-revenues","1653684","ATS-for-employee-sales","161.25636274987812","total-non-employee-revenues","52704","ATS-for-non-employee-sales","82.73783359497645","total-gross-revenues","1706388","total-labor-costs","163386.7500000001","cogs","845942","total-profits","860446.0500000004","gross-margin","50.4","EPIs:","","total-earnings","32677.350000000006","total-hours-scheduled","2186.7399999999993","total-hours-worked","2178.49","total-idle-time","23572.2","total-misc-task-time","46546","total-productivity","49404.6","total-rest-time","16746","total-revenues","330736.8","total-tardy-time","1265","total-sales-closed","2051"
"KPI-EPI-lists company 1","50","false","365","30","true","0.05","true","false","false","false","366","name","Fashion2","total-customer-visits","27220","total-customers-helped","19935","total-sales-closed","8832","total-employee-revenues","1386361","ATS-for-employee-sales","156.97022192028984","total-non-employee-revenues","81545","ATS-for-non-employee-sales","82.78680203045685","total-gross-revenues","1467906","total-labor-costs","122723.10000000006","cogs","709886","total-profits","758020.5","gross-margin","51.6","EPIs:","","total-earnings","24544.62000000001","total-hours-scheduled","1828.2200000000005","total-hours-worked","1818.1200000000003","total-idle-time","17471","total-misc-task-time","32963","total-productivity","48395.4","total-rest-time","14139.6","total-revenues","277272.2","total-tardy-time","1867.2","total-sales-closed","1766.4"
"KPI-EPI-lists company 0","51","false","365","30","true","0.1","true","false","false","false","366","name","Fashion1","total-customer-visits","27007","total-customers-helped","22707","total-sales-closed","10236","total-employee-revenues","1662589","ATS-for-employee-sales","162.4256545525596","total-non-employee-revenues","45925","ATS-for-non-employee-sales","81.86274509803921","total-gross-revenues","1708514","total-labor-costs","163105.80000000005","cogs","846511","total-profits","862002.6000000002","gross-margin","50.5","EPIs:","","total-earnings","32621.16000000001","total-hours-scheduled","2182.44","total-hours-worked","2174.744","total-idle-time","23731","total-misc-task-time","47759.8","total-productivity","47902.2","total-rest-time","16825.2","total-revenues","332517.8","total-tardy-time","1170.2","total-sales-closed","2047.2"
"KPI-EPI-lists company 1","51","false","365","30","true","0.1","true","false","false","false","366","name","Fashion2","total-customer-visits","26986","total-customers-helped","19079","total-sales-closed","8555","total-employee-revenues","1323434","ATS-for-employee-sales","154.69713617767388","total-non-employee-revenues","91586","ATS-for-non-employee-sales","81.91949910554561","total-gross-revenues","1415020","total-labor-costs","123162.25499999989","cogs","689170","total-profits","725849.7449999998","gross-margin","51.3","EPIs:","","total-earnings","24632.450999999994","total-hours-scheduled","1836.1","total-hours-worked","1824.6259999999997","total-idle-time","17313.6","total-misc-task-time","32330.6","total-productivity","49341.8","total-rest-time","14243","total-revenues","264686.8","total-tardy-time","2031.6","total-sales-closed","1711"
"KPI-EPI-lists company 0","52","false","365","30","true","0.1","true","false","false","false","366","name","Fashion1","total-customer-visits","27001","total-customers-helped","22751","total-sales-closed","10230","total-employee-revenues","1660440","ATS-for-employee-sales","162.3108504398827","total-non-employee-revenues","48393","ATS-for-non-employee-sales","82.02203389830508","total-gross-revenues","1708833","total-labor-costs","164707.8","cogs","848241","total-profits","860592.0000000008","gross-margin","50.4","EPIs:","","total-earnings","32941.560000000005","total-hours-scheduled","2203.24","total-hours-worked","2196.1040000000003","total-idle-time","24131.4","total-misc-task-time","47975.6","total-productivity","48559","total-rest-time","16976.6","total-revenues","332088","total-tardy-time","1086.4","total-sales-closed","2046"
"KPI-EPI-lists company 1","52","false","365","30","true","0.1","true","false","false","false","366","name","Fashion2","total-customer-visits","27079","total-customers-helped","18909","total-sales-closed","8524","total-employee-revenues","1312211","ATS-for-employee-sales","153.9431018301267","total-non-employee-revenues","92181","ATS-for-non-employee-sales","82.59946236559139","total-gross-revenues","1404392","total-labor-costs","122027.4450000001","cogs","683784","total-profits","720607.7550000004","gross-margin","51.3","EPIs:","","total-earnings","24405.489000000005","total-hours-scheduled","1821.1399999999999","total-hours-worked","1807.8139999999999","total-idle-time","17206.2","total-misc-task-time","31643.4","total-productivity","49201.4","total-rest-time","14079","total-revenues","262442.2","total-tardy-time","2149.4","total-sales-closed","1704.8"
"KPI-EPI-lists company 0","53","false","365","30","true","0.1","true","false","false","false","366","name","Fashion1","total-customer-visits","26761","total-customers-helped","22229","total-sales-closed","10035","total-employee-revenues","1612352","ATS-for-employee-sales","160.67284504235178","total-non-employee-revenues","54182","ATS-for-non-employee-sales","82.46879756468797","total-gross-revenues","1666534","total-labor-costs","162254.10000000006","cogs","828868","total-profits","837666.2999999996","gross-margin","50.3","EPIs:","","total-earnings","32450.820000000007","total-hours-scheduled","2172.22","total-hours-worked","2163.388","total-idle-time","23520","total-misc-task-time","46532.6","total-productivity","48733.2","total-rest-time","16530.8","total-revenues","322470.4","total-tardy-time","1282.8","total-sales-closed","2007"
"KPI-EPI-lists company 1","53","false","365","30","true","0.1","true","false","false","false","366","name","Fashion2","total-customer-visits","26893","total-customers-helped","19073","total-sales-closed","8619","total-employee-revenues","1333692","ATS-for-employee-sales","154.73860076575008","total-non-employee-revenues","86956","ATS-for-non-employee-sales","82.26679280983917","total-gross-revenues","1420648","total-labor-costs","124307.0549999999","cogs","692566","total-profits","728081.7449999999","gross-margin","51.2","EPIs:","","total-earnings","24861.411","total-hours-scheduled","1853.5399999999995","total-hours-worked","1841.5859999999998","total-idle-time","17834.6","total-misc-task-time","33341.6","total-productivity","48967.8","total-rest-time","14236.2","total-revenues","266738.4","total-tardy-time","2059.2","total-sales-closed","1723.8"
"KPI-EPI-lists company 0","54","false","365","30","true","0.1","true","false","false","false","366","name","Fashion1","total-customer-visits","26889","total-customers-helped","22820","total-sales-closed","10342","total-employee-revenues","1675296","ATS-for-employee-sales","161.9895571456198","total-non-employee-revenues","46355","ATS-for-non-employee-sales","82.48220640569394","total-gross-revenues","1721651","total-labor-costs","163879.5","cogs","852540","total-profits","869111.0999999999","gross-margin","50.5","EPIs:","","total-earnings","32775.90000000001","total-hours-scheduled","2192.2000000000003","total-hours-worked","2185.0600000000004","total-idle-time","23797.4","total-misc-task-time","47882.8","total-productivity","48225.6","total-rest-time","16906.2","total-revenues","335059.2","total-tardy-time","993","total-sales-closed","2068.4"
"KPI-EPI-lists company 1","54","false","365","30","true","0.1","true","false","false","false","366","name","Fashion2","total-customer-visits","26819","total-customers-helped","18682","total-sales-closed","8423","total-employee-revenues","1303771","ATS-for-employee-sales","154.787011753532","total-non-employee-revenues","90794","ATS-for-non-employee-sales","82.01806684733513","total-gross-revenues","1394565","total-labor-costs","121952.11499999993","cogs","679778","total-profits","714786.8850000006","gross-margin","51.3","EPIs:","","total-earnings","24390.423000000013","total-hours-scheduled","1819.4800000000007","total-hours-worked","1806.698000000001","total-idle-time","17531.4","total-misc-task-time","32432","total-productivity","48218.6","total-rest-time","14008.4","total-revenues","260754.2","total-tardy-time","2105.2","total-sales-closed","1684.6"
"KPI-EPI-lists company 0","55","false","365","30","true","0.1","true","false","false","false","366","name","Fashion1","total-customer-visits","27087","total-customers-helped","22771","total-sales-closed","10265","total-employee-revenues","1659642","ATS-for-employee-sales","161.67968826108134","total-non-employee-revenues","49403","ATS-for-non-employee-sales","82.61371237458194","total-gross-revenues","1709045","total-labor-costs","163409.10000000003","cogs","847027","total-profits","862017.9000000006","gross-margin","50.4","EPIs:","","total-earnings","32681.820000000007","total-hours-scheduled","2186.9200000000005","total-hours-worked","2178.7880000000005","total-idle-time","23824.8","total-misc-task-time","47495.2","total-productivity","48202.6","total-rest-time","16997","total-revenues","331928.4","total-tardy-time","1216.2","total-sales-closed","2053"
"KPI-EPI-lists company 1","55","false","365","30","true","0.1","true","false","false","false","366","name","Fashion2","total-customer-visits","26862","total-customers-helped","18855","total-sales-closed","8482","total-employee-revenues","1311299","ATS-for-employee-sales","154.59785427965102","total-non-employee-revenues","92821","ATS-for-non-employee-sales","82.65449688334817","total-gross-revenues","1404120","total-labor-costs","121378.09499999999","cogs","683026","total-profits","721093.9050000008","gross-margin","51.4","EPIs:","","total-earnings","24275.619000000006","total-hours-scheduled","1811.1200000000003","total-hours-worked","1798.1940000000002","total-idle-time","17183","total-misc-task-time","32081.8","total-productivity","48333.6","total-rest-time","14017.6","total-revenues","262259.8","total-tardy-time","2209.4","total-sales-closed","1696.4"
"KPI-EPI-lists company 0","56","false","365","30","true","0.1","true","false","false","false","366","name","Fashion1","total-customer-visits","26963","total-customers-helped","22769","total-sales-closed","10414","total-employee-revenues","1690620","ATS-for-employee-sales","162.34107931630498","total-non-employee-revenues","49694","ATS-for-non-employee-sales","82.82333333333334","total-gross-revenues","1740314","total-labor-costs","162833.4","cogs","858959","total-profits","881355.0000000006","gross-margin","50.6","EPIs:","","total-earnings","32566.680000000004","total-hours-scheduled","2178.14","total-hours-worked","2171.112","total-idle-time","23941.2","total-misc-task-time","47383.2","total-productivity","47849.2","total-rest-time","16903","total-revenues","338124","total-tardy-time","1102.4","total-sales-closed","2082.8"
"KPI-EPI-lists company 1","56","false","365","30","true","0.1","true","false","false","false","366","name","Fashion2","total-customer-visits","26967","total-customers-helped","18500","total-sales-closed","8398","total-employee-revenues","1290657","ATS-for-employee-sales","153.68623481781376","total-non-employee-revenues","97353","ATS-for-non-employee-sales","82.57251908396947","total-gross-revenues","1388010","total-labor-costs","121647.015","cogs","676851","total-profits","711158.9850000001","gross-margin","51.2","EPIs:","","total-earnings","24329.40300000001","total-hours-scheduled","1815.3799999999997","total-hours-worked","1802.1779999999999","total-idle-time","17222.2","total-misc-task-time","31294.4","total-productivity","49220.6","total-rest-time","14018","total-revenues","258131.4","total-tardy-time","2363.8","total-sales-closed","1679.6"
"KPI-EPI-lists company 0","57","false","365","30","true","0.1","true","false","false","false","366","name","Fashion1","total-customer-visits","27256","total-customers-helped","23220","total-sales-closed","10373","total-employee-revenues","1687987","ATS-for-employee-sales","162.72891159741636","total-non-employee-revenues","43791","ATS-for-non-employee-sales","80.49816176470588","total-gross-revenues","1731778","total-labor-costs","165875.85","cogs","858587","total-profits","873190.9500000002","gross-margin","50.4","EPIs:","","total-earnings","33175.170000000006","total-hours-scheduled","2217.7799999999997","total-hours-worked","2211.678","total-idle-time","24503.2","total-misc-task-time","49168.6","total-productivity","47847","total-rest-time","17344.8","total-revenues","337597.4","total-tardy-time","1046.4","total-sales-closed","2074.6"
"KPI-EPI-lists company 1","57","false","365","30","true","0.1","true","false","false","false","366","name","Fashion2","total-customer-visits","26840","total-customers-helped","18613","total-sales-closed","8448","total-employee-revenues","1296502","ATS-for-employee-sales","153.46851325757575","total-non-employee-revenues","94386","ATS-for-non-employee-sales","82.07478260869566","total-gross-revenues","1390888","total-labor-costs","121804.42499999999","cogs","678160","total-profits","712728.375","gross-margin","51.2","EPIs:","","total-earnings","24360.88500000001","total-hours-scheduled","1816.1200000000001","total-hours-worked","1804.5099999999998","total-idle-time","17473.6","total-misc-task-time","31528","total-productivity","48948.4","total-rest-time","14073.2","total-revenues","259300.4","total-tardy-time","2061.2","total-sales-closed","1689.6"
"KPI-EPI-lists company 0","58","false","365","30","true","0.1","true","false","false","false","366","name","Fashion1","total-customer-visits","27079","total-customers-helped","22756","total-sales-closed","10081","total-employee-revenues","1634287","ATS-for-employee-sales","162.1155639321496","total-non-employee-revenues","51071","ATS-for-non-employee-sales","82.90746753246754","total-gross-revenues","1685358","total-labor-costs","163499.09999999998","cogs","837642","total-profits","847715.7000000004","gross-margin","50.3","EPIs:","","total-earnings","32699.820000000007","total-hours-scheduled","2187.94","total-hours-worked","2179.988","total-idle-time","23646","total-misc-task-time","47306.2","total-productivity","48610","total-rest-time","16898.4","total-revenues","326857.4","total-tardy-time","1232.2","total-sales-closed","2016.2"
"KPI-EPI-lists company 1","58","false","365","30","true","0.1","true","false","false","false","366","name","Fashion2","total-customer-visits","27005","total-customers-helped","18841","total-sales-closed","8502","total-employee-revenues","1316315","ATS-for-employee-sales","154.82415902140673","total-non-employee-revenues","91096","ATS-for-non-employee-sales","82.21660649819495","total-gross-revenues","1407411","total-labor-costs","122086.845","cogs","685051","total-profits","722359.7549999995","gross-margin","51.3","EPIs:","","total-earnings","24417.369000000006","total-hours-scheduled","1820.4199999999996","total-hours-worked","1808.694","total-idle-time","17430.8","total-misc-task-time","32592","total-productivity","48286.2","total-rest-time","14031","total-revenues","263263","total-tardy-time","2186.4","total-sales-closed","1700.4"
"KPI-EPI-lists company 0","59","false","365","30","true","0.1","true","false","false","false","366","name","Fashion1","total-customer-visits","26666","total-customers-helped","22093","total-sales-closed","9959","total-employee-revenues","1610401","ATS-for-employee-sales","161.70308263881915","total-non-employee-revenues","52220","ATS-for-non-employee-sales","81.97802197802197","total-gross-revenues","1662621","total-labor-costs","163874.85000000006","cogs","828923","total-profits","833697.7500000003","gross-margin","50.1","EPIs:","","total-earnings","32774.97","total-hours-scheduled","2193.3799999999997","total-hours-worked","2184.9979999999996","total-idle-time","23709","total-misc-task-time","47447.8","total-productivity","48879.4","total-rest-time","16653.2","total-revenues","322080.2","total-tardy-time","1130.6","total-sales-closed","1991.8"
"KPI-EPI-lists company 1","59","false","365","30","true","0.1","true","false","false","false","366","name","Fashion2","total-customer-visits","26931","total-customers-helped","18510","total-sales-closed","8394","total-employee-revenues","1289647","ATS-for-employee-sales","153.6391470097689","total-non-employee-revenues","99775","ATS-for-non-employee-sales","81.98438783894824","total-gross-revenues","1389422","total-labor-costs","120263.53499999996","cogs","676032","total-profits","713389.6649999998","gross-margin","51.3","EPIs:","","total-earnings","24052.70700000001","total-hours-scheduled","1794.0600000000002","total-hours-worked","1781.6820000000002","total-idle-time","16907.6","total-misc-task-time","30547.6","total-productivity","49155.4","total-rest-time","13902.2","total-revenues","257929.4","total-tardy-time","2314.6","total-sales-closed","1678.8"
"KPI-EPI-lists company 0","60","false","365","30","true","0.1","true","false","false","false","366","name","Fashion1","total-customer-visits","27164","total-customers-helped","22947","total-sales-closed","10298","total-employee-revenues","1665769","ATS-for-employee-sales","161.75655467080986","total-non-employee-revenues","51022","ATS-for-non-employee-sales","81.76602564102564","total-gross-revenues","1716791","total-labor-costs","164546.1","cogs","851263","total-profits","865528.5000000008","gross-margin","50.4","EPIs:","","total-earnings","32909.22000000001","total-hours-scheduled","2201.3599999999997","total-hours-worked","2193.948000000001","total-idle-time","23735.8","total-misc-task-time","47392.8","total-productivity","49282","total-rest-time","16927.2","total-revenues","333153.8","total-tardy-time","1095.2","total-sales-closed","2059.6"
"KPI-EPI-lists company 1","60","false","365","30","true","0.1","true","false","false","false","366","name","Fashion2","total-customer-visits","27075","total-customers-helped","18187","total-sales-closed","8141","total-employee-revenues","1240331","ATS-for-employee-sales","152.35609875936618","total-non-employee-revenues","100268","ATS-for-non-employee-sales","81.71801140994295","total-gross-revenues","1340599","total-labor-costs","120423.51000000005","cogs","656663","total-profits","683935.8899999997","gross-margin","51","EPIs:","","total-earnings","24084.702000000005","total-hours-scheduled","1799.6800000000007","total-hours-worked","1784.0520000000004","total-idle-time","17081.6","total-misc-task-time","29986.6","total-productivity","49609","total-rest-time","13918.2","total-revenues","248066.2","total-tardy-time","2633","total-sales-closed","1628.2"
"KPI-EPI-lists company 0","61","false","365","30","true","0.15","true","false","false","false","366","name","Fashion1","total-customer-visits","27205","total-customers-helped","22936","total-sales-closed","10238","total-employee-revenues","1651227","ATS-for-employee-sales","161.28413752686072","total-non-employee-revenues","52786","ATS-for-non-employee-sales","82.22118380062305","total-gross-revenues","1704013","total-labor-costs","163781.85","cogs","845387","total-profits","858625.9500000003","gross-margin","50.4","EPIs:","","total-earnings","32756.370000000006","total-hours-scheduled","2190.6","total-hours-worked","2183.758","total-idle-time","23612","total-misc-task-time","47197.8","total-productivity","48953.4","total-rest-time","16877.8","total-revenues","330245.4","total-tardy-time","1076.8","total-sales-closed","2047.6"
"KPI-EPI-lists company 1","61","false","365","30","true","0.15","true","false","false","false","366","name","Fashion2","total-customer-visits","26712","total-customers-helped","17289","total-sales-closed","7673","total-employee-revenues","1142026","ATS-for-employee-sales","148.83696077153655","total-non-employee-revenues","115027","ATS-for-non-employee-sales","82.33858267716535","total-gross-revenues","1257053","total-labor-costs","122631.03000000004","cogs","625452","total-profits","631600.7700000001","gross-margin","50.2","EPIs:","","total-earnings","24526.206","total-hours-scheduled","1834.42","total-hours-worked","1816.756","total-idle-time","17633.4","total-misc-task-time","30005.2","total-productivity","50565.4","total-rest-time","14325.6","total-revenues","228405.2","total-tardy-time","3455","total-sales-closed","1534.6"
"KPI-EPI-lists company 0","62","false","365","30","true","0.15","true","false","false","false","366","name","Fashion1","total-customer-visits","27168","total-customers-helped","22911","total-sales-closed","10364","total-employee-revenues","1685020","ATS-for-employee-sales","162.5839444230027","total-non-employee-revenues","44998","ATS-for-non-employee-sales","81.22382671480145","total-gross-revenues","1730018","total-labor-costs","164518.65000000005","cogs","856526","total-profits","873492.1499999999","gross-margin","50.5","EPIs:","","total-earnings","32903.73","total-hours-scheduled","2200.620000000001","total-hours-worked","2193.582000000001","total-idle-time","24053","total-misc-task-time","48263.2","total-productivity","48141","total-rest-time","17030.2","total-revenues","337004","total-tardy-time","1051","total-sales-closed","2072.8"
"KPI-EPI-lists company 1","62","false","365","30","true","0.15","true","false","false","false","366","name","Fashion2","total-customer-visits","26746","total-customers-helped","17438","total-sales-closed","7921","total-employee-revenues","1181482","ATS-for-employee-sales","149.1581870975887","total-non-employee-revenues","106374","ATS-for-non-employee-sales","83.16966379984363","total-gross-revenues","1287856","total-labor-costs","122438.925","cogs","637581","total-profits","650274.6750000003","gross-margin","50.5","EPIs:","","total-earnings","24487.78500000001","total-hours-scheduled","1829.8000000000004","total-hours-worked","1813.9100000000003","total-idle-time","18026.6","total-misc-task-time","29756","total-productivity","50449.2","total-rest-time","14334.8","total-revenues","236296.4","total-tardy-time","2774.8","total-sales-closed","1584.2"
"KPI-EPI-lists company 0","63","false","365","30","true","0.15","true","false","false","false","366","name","Fashion1","total-customer-visits","26870","total-customers-helped","22645","total-sales-closed","10198","total-employee-revenues","1657789","ATS-for-employee-sales","162.5602078838988","total-non-employee-revenues","51760","ATS-for-non-employee-sales","82.2893481717011","total-gross-revenues","1709549","total-labor-costs","163862.40000000005","cogs","847682","total-profits","861867.0000000003","gross-margin","50.4","EPIs:","","total-earnings","32772.48","total-hours-scheduled","2192.5600000000004","total-hours-worked","2184.832000000001","total-idle-time","24074.2","total-misc-task-time","47822","total-productivity","48077.2","total-rest-time","16988","total-revenues","331557.8","total-tardy-time","1148","total-sales-closed","2039.6"
"KPI-EPI-lists company 1","63","false","365","30","true","0.15","true","false","false","false","366","name","Fashion2","total-customer-visits","26905","total-customers-helped","17694","total-sales-closed","7899","total-employee-revenues","1184570","ATS-for-employee-sales","149.96455247499682","total-non-employee-revenues","101122","ATS-for-non-employee-sales","81.94651539708266","total-gross-revenues","1285692","total-labor-costs","122091.16500000004","cogs","636368","total-profits","649324.0350000004","gross-margin","50.5","EPIs:","","total-earnings","24418.233000000004","total-hours-scheduled","1825.14","total-hours-worked","1808.7580000000003","total-idle-time","17417.2","total-misc-task-time","29821.4","total-productivity","50463.4","total-rest-time","14340.6","total-revenues","236914","total-tardy-time","2719.8","total-sales-closed","1579.8"
"KPI-EPI-lists company 0","64","false","365","30","true","0.15","true","false","false","false","366","name","Fashion1","total-customer-visits","26894","total-customers-helped","22638","total-sales-closed","10101","total-employee-revenues","1643506","ATS-for-employee-sales","162.7072567072567","total-non-employee-revenues","51926","ATS-for-non-employee-sales","82.03159557661927","total-gross-revenues","1695432","total-labor-costs","163435.0500000001","cogs","841608","total-profits","853824.1500000005","gross-margin","50.4","EPIs:","","total-earnings","32687.010000000002","total-hours-scheduled","2185.8","total-hours-worked","2179.1340000000005","total-idle-time","23976","total-misc-task-time","48397.6","total-productivity","47308.6","total-rest-time","16938.8","total-revenues","328701.2","total-tardy-time","1043","total-sales-closed","2020.2"
"KPI-EPI-lists company 1","64","false","365","30","true","0.15","true","false","false","false","366","name","Fashion2","total-customer-visits","26968","total-customers-helped","17945","total-sales-closed","8025","total-employee-revenues","1214319","ATS-for-employee-sales","151.3170093457944","total-non-employee-revenues","109245","ATS-for-non-employee-sales","82.63615733736762","total-gross-revenues","1323564","total-labor-costs","121774.31999999998","cogs","651200","total-profits","672364.0799999993","gross-margin","50.8","EPIs:","","total-earnings","24354.86400000001","total-hours-scheduled","1817.4399999999998","total-hours-worked","1804.0639999999999","total-idle-time","17592.8","total-misc-task-time","30546.4","total-productivity","49668.2","total-rest-time","14069","total-revenues","242863.8","total-tardy-time","2796","total-sales-closed","1605"
"KPI-EPI-lists company 0","65","false","365","30","true","0.15","true","false","false","false","366","name","Fashion1","total-customer-visits","26844","total-customers-helped","22423","total-sales-closed","10018","total-employee-revenues","1617186","ATS-for-employee-sales","161.42802954681574","total-non-employee-revenues","51813","ATS-for-non-employee-sales","83.1669341894061","total-gross-revenues","1668999","total-labor-costs","164186.0999999999","cogs","831786","total-profits","837213.2999999986","gross-margin","50.2","EPIs:","","total-earnings","32837.22000000001","total-hours-scheduled","2197.04","total-hours-worked","2189.148","total-idle-time","23874.4","total-misc-task-time","47576.8","total-productivity","48727","total-rest-time","16873","total-revenues","323437.2","total-tardy-time","1264.8","total-sales-closed","2003.6"
"KPI-EPI-lists company 1","65","false","365","30","true","0.15","true","false","false","false","366","name","Fashion2","total-customer-visits","27203","total-customers-helped","17077","total-sales-closed","7668","total-employee-revenues","1130599","ATS-for-employee-sales","147.44379238393324","total-non-employee-revenues","117424","ATS-for-non-employee-sales","83.27943262411347","total-gross-revenues","1248023","total-labor-costs","120869.95500000002","cogs","620079","total-profits","627943.8450000001","gross-margin","50.3","EPIs:","","total-earnings","24173.99100000001","total-hours-scheduled","1808.8000000000004","total-hours-worked","1790.6660000000004","total-idle-time","17737","total-misc-task-time","27769","total-productivity","51199.6","total-rest-time","14267.2","total-revenues","226119.8","total-tardy-time","3402.8","total-sales-closed","1533.6"
"KPI-EPI-lists company 0","66","false","365","30","true","0.15","true","false","false","false","366","name","Fashion1","total-customer-visits","27073","total-customers-helped","22812","total-sales-closed","10217","total-employee-revenues","1655393","ATS-for-employee-sales","162.0233923852403","total-non-employee-revenues","49278","ATS-for-non-employee-sales","82.13","total-gross-revenues","1704671","total-labor-costs","164659.50000000003","cogs","846528","total-profits","858143.1000000007","gross-margin","50.3","EPIs:","","total-earnings","32931.9","total-hours-scheduled","2202.699999999999","total-hours-worked","2195.4599999999996","total-idle-time","24044.2","total-misc-task-time","47772","total-productivity","48740","total-rest-time","16984.8","total-revenues","331078.6","total-tardy-time","1034.8","total-sales-closed","2043.4"
"KPI-EPI-lists company 1","66","false","365","30","true","0.15","true","false","false","false","366","name","Fashion2","total-customer-visits","26723","total-customers-helped","17552","total-sales-closed","7931","total-employee-revenues","1194422","ATS-for-employee-sales","150.60168957256337","total-non-employee-revenues","102849","ATS-for-non-employee-sales","82.67604501607717","total-gross-revenues","1297271","total-labor-costs","119576.92500000002","cogs","638485","total-profits","658785.6750000002","gross-margin","50.8","EPIs:","","total-earnings","23915.385000000002","total-hours-scheduled","1787","total-hours-worked","1771.5099999999998","total-idle-time","17358.2","total-misc-task-time","29240.4","total-productivity","49350.8","total-rest-time","13931","total-revenues","238884.4","total-tardy-time","2675","total-sales-closed","1586.2"
"KPI-EPI-lists company 0","67","false","365","30","true","0.15","true","false","false","false","366","name","Fashion1","total-customer-visits","27003","total-customers-helped","22719","total-sales-closed","10390","total-employee-revenues","1687365","ATS-for-employee-sales","162.40279114533206","total-non-employee-revenues","46287","ATS-for-non-employee-sales","81.92389380530973","total-gross-revenues","1733652","total-labor-costs","162674.69999999998","cogs","856136","total-profits","877516.5000000007","gross-margin","50.6","EPIs:","","total-earnings","32534.94000000001","total-hours-scheduled","2175.6599999999994","total-hours-worked","2168.9960000000005","total-idle-time","23836.2","total-misc-task-time","47756.8","total-productivity","47381.6","total-rest-time","16931.2","total-revenues","337473","total-tardy-time","996.8","total-sales-closed","2078"
"KPI-EPI-lists company 1","67","false","365","30","true","0.15","true","false","false","false","366","name","Fashion2","total-customer-visits","26908","total-customers-helped","17266","total-sales-closed","7788","total-employee-revenues","1157212","ATS-for-employee-sales","148.58911145351823","total-non-employee-revenues","110058","ATS-for-non-employee-sales","82.37874251497006","total-gross-revenues","1267270","total-labor-costs","120962.29500000004","cogs","627870","total-profits","639399.7049999996","gross-margin","50.5","EPIs:","","total-earnings","24192.45900000001","total-hours-scheduled","1807.6200000000001","total-hours-worked","1792.0340000000003","total-idle-time","17387.4","total-misc-task-time","29617","total-productivity","49971.8","total-rest-time","14102.6","total-revenues","231442.4","total-tardy-time","2811.8","total-sales-closed","1557.6"
"KPI-EPI-lists company 0","68","false","365","30","true","0.15","true","false","false","false","366","name","Fashion1","total-customer-visits","27205","total-customers-helped","22855","total-sales-closed","10434","total-employee-revenues","1692938","ATS-for-employee-sales","162.2520605712095","total-non-employee-revenues","52676","ATS-for-non-employee-sales","83.08517350157729","total-gross-revenues","1745614","total-labor-costs","163044.29999999996","cogs","861290","total-profits","884324.099999999","gross-margin","50.7","EPIs:","","total-earnings","32608.860000000004","total-hours-scheduled","2181.7200000000003","total-hours-worked","2173.9240000000004","total-idle-time","23321.6","total-misc-task-time","47191","total-productivity","48538.2","total-rest-time","16885.6","total-revenues","338587.6","total-tardy-time","1132.4","total-sales-closed","2086.8"
"KPI-EPI-lists company 1","68","false","365","30","true","0.15","true","false","false","false","366","name","Fashion2","total-customer-visits","27064","total-customers-helped","17544","total-sales-closed","7785","total-employee-revenues","1159906","ATS-for-employee-sales","148.99242132305716","total-non-employee-revenues","111481","ATS-for-non-employee-sales","83.4438622754491","total-gross-revenues","1271387","total-labor-costs","122845.815","cogs","631401","total-profits","639986.385","gross-margin","50.3","EPIs:","","total-earnings","24569.162999999997","total-hours-scheduled","1837.6399999999994","total-hours-worked","1819.9379999999996","total-idle-time","17654.8","total-misc-task-time","30299.8","total-productivity","50395.8","total-rest-time","14383.6","total-revenues","231981.2","total-tardy-time","3117.2","total-sales-closed","1557"
"KPI-EPI-lists company 0","69","false","365","30","true","0.15","true","false","false","false","366","name","Fashion1","total-customer-visits","27013","total-customers-helped","22618","total-sales-closed","10243","total-employee-revenues","1658240","ATS-for-employee-sales","161.89007126818316","total-non-employee-revenues","49249","ATS-for-non-employee-sales","81.9450915141431","total-gross-revenues","1707489","total-labor-costs","163541.4","cogs","846537","total-profits","860951.9999999997","gross-margin","50.4","EPIs:","","total-earnings","32708.280000000006","total-hours-scheduled","2187.9799999999996","total-hours-worked","2180.551999999999","total-idle-time","23931.6","total-misc-task-time","47442.6","total-productivity","48350.6","total-rest-time","16903.2","total-revenues","331648","total-tardy-time","1202.4","total-sales-closed","2048.6"
"KPI-EPI-lists company 1","69","false","365","30","true","0.15","true","false","false","false","366","name","Fashion2","total-customer-visits","27215","total-customers-helped","17741","total-sales-closed","7949","total-employee-revenues","1190378","ATS-for-employee-sales","149.75191848031199","total-non-employee-revenues","108568","ATS-for-non-employee-sales","82.43583902809415","total-gross-revenues","1298946","total-labor-costs","120262.45499999996","cogs","639841","total-profits","659105.1449999999","gross-margin","50.7","EPIs:","","total-earnings","24052.491000000013","total-hours-scheduled","1799.6000000000004","total-hours-worked","1781.6660000000004","total-idle-time","17043.4","total-misc-task-time","28615.6","total-productivity","50705.2","total-rest-time","14002.4","total-revenues","238075.6","total-tardy-time","2658.2","total-sales-closed","1589.8"
"KPI-EPI-lists company 0","70","false","365","30","true","0.15","true","false","false","false","366","name","Fashion1","total-customer-visits","27176","total-customers-helped","22750","total-sales-closed","10309","total-employee-revenues","1662162","ATS-for-employee-sales","161.23406731981763","total-non-employee-revenues","48773","ATS-for-non-employee-sales","82.38682432432432","total-gross-revenues","1710935","total-labor-costs","164355.3","cogs","848729","total-profits","862205.6999999995","gross-margin","50.4","EPIs:","","total-earnings","32871.06","total-hours-scheduled","2198.8599999999997","total-hours-worked","2191.4039999999995","total-idle-time","23738.6","total-misc-task-time","47141.8","total-productivity","49387.4","total-rest-time","16845.8","total-revenues","332432.4","total-tardy-time","1220.2","total-sales-closed","2061.8"
"KPI-EPI-lists company 1","70","false","365","30","true","0.15","true","false","false","false","366","name","Fashion2","total-customer-visits","27159","total-customers-helped","18022","total-sales-closed","8151","total-employee-revenues","1228553","ATS-for-employee-sales","150.72420561894245","total-non-employee-revenues","105052","ATS-for-non-employee-sales","82.71811023622047","total-gross-revenues","1333605","total-labor-costs","122514.79499999993","cogs","655957","total-profits","677648.2049999997","gross-margin","50.8","EPIs:","","total-earnings","24502.959000000003","total-hours-scheduled","1829.8","total-hours-worked","1815.0339999999997","total-idle-time","17619.6","total-misc-task-time","29986","total-productivity","50583","total-rest-time","14284.6","total-revenues","245710.6","total-tardy-time","2527.6","total-sales-closed","1630.2"
"KPI-EPI-lists company 0","71","false","365","30","true","0.2","true","false","false","false","366","name","Fashion1","total-customer-visits","26930","total-customers-helped","22682","total-sales-closed","10206","total-employee-revenues","1653997","ATS-for-employee-sales","162.06123848716442","total-non-employee-revenues","52396","ATS-for-non-employee-sales","82.12539184952978","total-gross-revenues","1706393","total-labor-costs","165184.95000000007","cogs","847742","total-profits","858650.8500000004","gross-margin","50.3","EPIs:","","total-earnings","33036.990000000005","total-hours-scheduled","2207.88","total-hours-worked","2202.4660000000003","total-idle-time","24121.8","total-misc-task-time","48519.4","total-productivity","48459.2","total-rest-time","16947.8","total-revenues","330799.4","total-tardy-time","882.8","total-sales-closed","2041.2"
"KPI-EPI-lists company 1","71","false","365","30","true","0.2","true","false","false","false","366","name","Fashion2","total-customer-visits","27194","total-customers-helped","16876","total-sales-closed","7618","total-employee-revenues","1116876","ATS-for-employee-sales","146.61013389341034","total-non-employee-revenues","116376","ATS-for-non-employee-sales","82.01268498942918","total-gross-revenues","1233252","total-labor-costs","122843.65500000003","cogs","616144","total-profits","617107.5449999999","gross-margin","50","EPIs:","","total-earnings","24568.731000000007","total-hours-scheduled","1839.9200000000005","total-hours-worked","1819.9060000000002","total-idle-time","17921","total-misc-task-time","28810","total-productivity","51478.8","total-rest-time","14432.2","total-revenues","223375.2","total-tardy-time","3402.2","total-sales-closed","1523.6"
"KPI-EPI-lists company 0","72","false","365","30","true","0.2","true","false","false","false","366","name","Fashion1","total-customer-visits","26666","total-customers-helped","22192","total-sales-closed","9886","total-employee-revenues","1593125","ATS-for-employee-sales","161.14960550273113","total-non-employee-revenues","51687","ATS-for-non-employee-sales","82.43540669856459","total-gross-revenues","1644812","total-labor-costs","163883.7","cogs","821809","total-profits","823003.4999999995","gross-margin","50","EPIs:","","total-earnings","32776.740000000005","total-hours-scheduled","2194.019999999999","total-hours-worked","2185.115999999999","total-idle-time","23760.8","total-misc-task-time","47889.8","total-productivity","48324.6","total-rest-time","16743","total-revenues","318625","total-tardy-time","1324","total-sales-closed","1977.2"
"KPI-EPI-lists company 1","72","false","365","30","true","0.2","true","false","false","false","366","name","Fashion2","total-customer-visits","27179","total-customers-helped","16349","total-sales-closed","7357","total-employee-revenues","1070506","ATS-for-employee-sales","145.50849531058856","total-non-employee-revenues","126069","ATS-for-non-employee-sales","83.48940397350994","total-gross-revenues","1196575","total-labor-costs","118834.5599999999","cogs","597465","total-profits","599110.4399999998","gross-margin","50.1","EPIs:","","total-earnings","23766.912000000004","total-hours-scheduled","1784.0799999999995","total-hours-worked","1760.5120000000002","total-idle-time","17265.6","total-misc-task-time","26269.4","total-productivity","51186.2","total-rest-time","14151.2","total-revenues","214101.2","total-tardy-time","3670","total-sales-closed","1471.4"
"KPI-EPI-lists company 0","73","false","365","30","true","0.2","true","false","false","false","366","name","Fashion1","total-customer-visits","27129","total-customers-helped","22847","total-sales-closed","10312","total-employee-revenues","1663088","ATS-for-employee-sales","161.27695888285493","total-non-employee-revenues","50414","ATS-for-non-employee-sales","81.9739837398374","total-gross-revenues","1713502","total-labor-costs","165346.80000000005","cogs","850748","total-profits","862754.4000000004","gross-margin","50.4","EPIs:","","total-earnings","33069.36","total-hours-scheduled","2212.2","total-hours-worked","2204.624","total-idle-time","24060.6","total-misc-task-time","47644.8","total-productivity","49381.4","total-rest-time","17023.4","total-revenues","332617.6","total-tardy-time","1153.6","total-sales-closed","2062.4"
"KPI-EPI-lists company 1","73","false","365","30","true","0.2","true","false","false","false","366","name","Fashion2","total-customer-visits","26798","total-customers-helped","16399","total-sales-closed","7313","total-employee-revenues","1069903","ATS-for-employee-sales","146.30151784493367","total-non-employee-revenues","121015","ATS-for-non-employee-sales","83.1146978021978","total-gross-revenues","1190918","total-labor-costs","120826.48499999999","cogs","597194","total-profits","593724.3149999998","gross-margin","49.9","EPIs:","","total-earnings","24165.297","total-hours-scheduled","1809.9599999999998","total-hours-worked","1790.0220000000002","total-idle-time","17783.4","total-misc-task-time","27436.2","total-productivity","51241.2","total-rest-time","14411.8","total-revenues","213980.6","total-tardy-time","3737.2","total-sales-closed","1462.6"
"KPI-EPI-lists company 0","74","false","365","30","true","0.2","true","false","false","false","366","name","Fashion1","total-customer-visits","26728","total-customers-helped","22294","total-sales-closed","10030","total-employee-revenues","1616188","ATS-for-employee-sales","161.13539381854437","total-non-employee-revenues","51404","ATS-for-non-employee-sales","82.37820512820512","total-gross-revenues","1667592","total-labor-costs","163626.44999999992","cogs","830663","total-profits","836928.7499999999","gross-margin","50.2","EPIs:","","total-earnings","32725.290000000008","total-hours-scheduled","2189.2800000000016","total-hours-worked","2181.6860000000006","total-idle-time","23900.6","total-misc-task-time","47552.2","total-productivity","48479.2","total-rest-time","16658.4","total-revenues","323237.6","total-tardy-time","1139.6","total-sales-closed","2006"
"KPI-EPI-lists company 1","74","false","365","30","true","0.2","true","false","false","false","366","name","Fashion2","total-customer-visits","26996","total-customers-helped","16091","total-sales-closed","7370","total-employee-revenues","1057876","ATS-for-employee-sales","143.5381275440977","total-non-employee-revenues","125652","ATS-for-non-employee-sales","82.17920209287115","total-gross-revenues","1183528","total-labor-costs","122099.53499999999","cogs","595511","total-profits","588017.2650000002","gross-margin","49.7","EPIs:","","total-earnings","24419.90700000001","total-hours-scheduled","1834.3800000000006","total-hours-worked","1808.8820000000007","total-idle-time","17833.4","total-misc-task-time","27982.6","total-productivity","51507.8","total-rest-time","14548.6","total-revenues","211575.2","total-tardy-time","4094.4","total-sales-closed","1474"
"KPI-EPI-lists company 0","75","false","365","30","true","0.2","true","false","false","false","366","name","Fashion1","total-customer-visits","26889","total-customers-helped","22776","total-sales-closed","10111","total-employee-revenues","1637648","ATS-for-employee-sales","161.9669666699634","total-non-employee-revenues","44140","ATS-for-non-employee-sales","83.44045368620039","total-gross-revenues","1681788","total-labor-costs","165201.6000000001","cogs","837917","total-profits","843871.2000000001","gross-margin","50.2","EPIs:","","total-earnings","33040.32000000001","total-hours-scheduled","2210.1200000000003","total-hours-worked","2202.6880000000006","total-idle-time","24154","total-misc-task-time","48971","total-productivity","47919","total-rest-time","17053.4","total-revenues","327529.6","total-tardy-time","1197.6","total-sales-closed","2022.2"
"KPI-EPI-lists company 1","75","false","365","30","true","0.2","true","false","false","false","366","name","Fashion2","total-customer-visits","27134","total-customers-helped","16460","total-sales-closed","7439","total-employee-revenues","1075841","ATS-for-employee-sales","144.62172334991263","total-non-employee-revenues","126570","ATS-for-non-employee-sales","82.50977835723599","total-gross-revenues","1202411","total-labor-costs","121173.56999999995","cogs","602138","total-profits","600273.0300000003","gross-margin","49.9","EPIs:","","total-earnings","24234.713999999996","total-hours-scheduled","1816.8599999999992","total-hours-worked","1795.1639999999993","total-idle-time","17451.8","total-misc-task-time","27292","total-productivity","51831.4","total-rest-time","14480.2","total-revenues","215168.2","total-tardy-time","3723","total-sales-closed","1487.8"
"KPI-EPI-lists company 0","76","false","365","30","true","0.2","true","false","false","false","366","name","Fashion1","total-customer-visits","26748","total-customers-helped","22302","total-sales-closed","10108","total-employee-revenues","1627944","ATS-for-employee-sales","161.05500593589235","total-non-employee-revenues","47275","ATS-for-non-employee-sales","81.36833046471601","total-gross-revenues","1675219","total-labor-costs","163992.44999999995","cogs","834080","total-profits","841138.9499999996","gross-margin","50.2","EPIs:","","total-earnings","32798.490000000005","total-hours-scheduled","2194.88","total-hours-worked","2186.5660000000003","total-idle-time","23864.6","total-misc-task-time","47493.6","total-productivity","48797.2","total-rest-time","16738.2","total-revenues","325588.8","total-tardy-time","1215","total-sales-closed","2021.6"
"KPI-EPI-lists company 1","76","false","365","30","true","0.2","true","false","false","false","366","name","Fashion2","total-customer-visits","26966","total-customers-helped","16735","total-sales-closed","7552","total-employee-revenues","1108412","ATS-for-employee-sales","146.770656779661","total-non-employee-revenues","120386","ATS-for-non-employee-sales","82.79642365887207","total-gross-revenues","1228798","total-labor-costs","122279.35499999991","cogs","613799","total-profits","614999.4449999997","gross-margin","50","EPIs:","","total-earnings","24455.871000000006","total-hours-scheduled","1830.2800000000002","total-hours-worked","1811.5460000000003","total-idle-time","17813.2","total-misc-task-time","28410","total-productivity","51536.4","total-rest-time","14404.8","total-revenues","221682.4","total-tardy-time","3405.4","total-sales-closed","1510.4"
"KPI-EPI-lists company 0","77","false","365","30","true","0.2","true","false","false","false","366","name","Fashion1","total-customer-visits","26890","total-customers-helped","22508","total-sales-closed","10301","total-employee-revenues","1661766","ATS-for-employee-sales","161.32084263663722","total-non-employee-revenues","50258","ATS-for-non-employee-sales","83.07107438016529","total-gross-revenues","1712024","total-labor-costs","162295.94999999998","cogs","847106","total-profits","864918.4499999995","gross-margin","50.5","EPIs:","","total-earnings","32459.190000000002","total-hours-scheduled","2171.1","total-hours-worked","2163.946000000001","total-idle-time","23891","total-misc-task-time","46808.2","total-productivity","48149","total-rest-time","16670.8","total-revenues","332353.2","total-tardy-time","1050.2","total-sales-closed","2060.2"
"KPI-EPI-lists company 1","77","false","365","30","true","0.2","true","false","false","false","366","name","Fashion2","total-customer-visits","26960","total-customers-helped","16064","total-sales-closed","7167","total-employee-revenues","1040235","ATS-for-employee-sales","145.14231896190876","total-non-employee-revenues","129028","ATS-for-non-employee-sales","82.76330981398333","total-gross-revenues","1169263","total-labor-costs","117834.61499999996","cogs","585540","total-profits","583723.1849999995","gross-margin","49.9","EPIs:","","total-earnings","23566.92300000001","total-hours-scheduled","1767.0400000000004","total-hours-worked","1745.6980000000003","total-idle-time","17187.8","total-misc-task-time","26377.4","total-productivity","50552.6","total-rest-time","14011.2","total-revenues","208047","total-tardy-time","4003.8","total-sales-closed","1433.4"
"KPI-EPI-lists company 0","78","false","365","30","true","0.2","true","false","false","false","366","name","Fashion1","total-customer-visits","27029","total-customers-helped","22769","total-sales-closed","10064","total-employee-revenues","1632309","ATS-for-employee-sales","162.19286565977742","total-non-employee-revenues","50476","ATS-for-non-employee-sales","82.34257748776508","total-gross-revenues","1682785","total-labor-costs","163420.50000000012","cogs","836535","total-profits","846250.5","gross-margin","50.3","EPIs:","","total-earnings","32684.100000000006","total-hours-scheduled","2186.2799999999997","total-hours-worked","2178.94","total-idle-time","23935.2","total-misc-task-time","47612.4","total-productivity","48005.2","total-rest-time","16981.8","total-revenues","326461.8","total-tardy-time","1043","total-sales-closed","2012.8"
"KPI-EPI-lists company 1","78","false","365","30","true","0.2","true","false","false","false","366","name","Fashion2","total-customer-visits","27021","total-customers-helped","16326","total-sales-closed","7350","total-employee-revenues","1066401","ATS-for-employee-sales","145.08857142857144","total-non-employee-revenues","122550","ATS-for-non-employee-sales","82.303559435863","total-gross-revenues","1188951","total-labor-costs","120458.06999999998","cogs","596038","total-profits","592912.5300000004","gross-margin","49.9","EPIs:","","total-earnings","24091.61400000001","total-hours-scheduled","1803.94","total-hours-worked","1784.5640000000003","total-idle-time","17616","total-misc-task-time","27510.8","total-productivity","50996.4","total-rest-time","14291.6","total-revenues","213280.2","total-tardy-time","3786.6","total-sales-closed","1470"
"KPI-EPI-lists company 0","79","false","365","30","true","0.2","true","false","false","false","366","name","Fashion1","total-customer-visits","26723","total-customers-helped","22500","total-sales-closed","10082","total-employee-revenues","1635719","ATS-for-employee-sales","162.24151953977386","total-non-employee-revenues","48447","ATS-for-non-employee-sales","83.24226804123711","total-gross-revenues","1684166","total-labor-costs","163681.50000000003","cogs","837348","total-profits","846818.0999999996","gross-margin","50.3","EPIs:","","total-earnings","32736.300000000007","total-hours-scheduled","2189.5200000000004","total-hours-worked","2182.4200000000005","total-idle-time","23966.4","total-misc-task-time","48313.8","total-productivity","47623","total-rest-time","16910.6","total-revenues","327143.8","total-tardy-time","1023.8","total-sales-closed","2016.4"
"KPI-EPI-lists company 1","79","false","365","30","true","0.2","true","false","false","false","366","name","Fashion2","total-customer-visits","26866","total-customers-helped","16123","total-sales-closed","7322","total-employee-revenues","1062762","ATS-for-employee-sales","145.14640808522262","total-non-employee-revenues","120848","ATS-for-non-employee-sales","82.09782608695652","total-gross-revenues","1183610","total-labor-costs","120019.995","cogs","593464","total-profits","590146.0050000002","gross-margin","49.9","EPIs:","","total-earnings","24003.999","total-hours-scheduled","1798.08","total-hours-worked","1778.0739999999998","total-idle-time","17858","total-misc-task-time","27259.4","total-productivity","50789.6","total-rest-time","14280.2","total-revenues","212552.4","total-tardy-time","3893.6","total-sales-closed","1464.4"
"KPI-EPI-lists company 0","80","false","365","30","true","0.2","true","false","false","false","366","name","Fashion1","total-customer-visits","26742","total-customers-helped","22643","total-sales-closed","10350","total-employee-revenues","1685889","ATS-for-employee-sales","162.88782608695652","total-non-employee-revenues","46683","ATS-for-non-employee-sales","82.18838028169014","total-gross-revenues","1732572","total-labor-costs","164870.54999999996","cogs","857899","total-profits","874672.6499999997","gross-margin","50.5","EPIs:","","total-earnings","32974.11000000001","total-hours-scheduled","2204.7200000000003","total-hours-worked","2198.274000000001","total-idle-time","23924.4","total-misc-task-time","48900.8","total-productivity","47862.4","total-rest-time","17042","total-revenues","337177.8","total-tardy-time","1012.8","total-sales-closed","2070"
"KPI-EPI-lists company 1","80","false","365","30","true","0.2","true","false","false","false","366","name","Fashion2","total-customer-visits","26961","total-customers-helped","16260","total-sales-closed","7324","total-employee-revenues","1070840","ATS-for-employee-sales","146.20972146368103","total-non-employee-revenues","126330","ATS-for-non-employee-sales","81.66127989657402","total-gross-revenues","1197170","total-labor-costs","120030.79500000003","cogs","598899","total-profits","598271.2050000001","gross-margin","50","EPIs:","","total-earnings","24006.159000000007","total-hours-scheduled","1797.72","total-hours-worked","1778.2340000000004","total-idle-time","17581.8","total-misc-task-time","28504.6","total-productivity","49906.4","total-rest-time","14138.8","total-revenues","214168","total-tardy-time","3704.2","total-sales-closed","1464.8"
"KPI-EPI-lists company 0","81","false","365","30","true","0.05","false","true","false","false","366","name","Fashion1","total-customer-visits","27024","total-customers-helped","22952","total-sales-closed","10254","total-employee-revenues","1672096","ATS-for-employee-sales","163.06768090501268","total-non-employee-revenues","46884","ATS-for-non-employee-sales","82.25263157894737","total-gross-revenues","1718980","total-labor-costs","163668.7500000001","cogs","851261","total-profits","867719.2500000007","gross-margin","50.5","EPIs:","","total-earnings","32733.750000000007","total-hours-scheduled","2188.2400000000007","total-hours-worked","2182.2500000000005","total-idle-time","24254.4","total-misc-task-time","48283","total-productivity","47315.4","total-rest-time","17090","total-revenues","334419.2","total-tardy-time","942.6","total-sales-closed","2050.8"
"KPI-EPI-lists company 1","81","false","365","30","true","0.05","false","true","false","false","366","name","Fashion2","total-customer-visits","26970","total-customers-helped","21395","total-sales-closed","9485","total-employee-revenues","1500523","ATS-for-employee-sales","158.1995782814971","total-non-employee-revenues","66614","ATS-for-non-employee-sales","83.05985037406484","total-gross-revenues","1567137","total-labor-costs","146803.3199999999","cogs","773658","total-profits","793478.8799999994","gross-margin","50.6","EPIs:","","total-earnings","29360.664000000008","total-hours-scheduled","2184.6600000000003","total-hours-worked","2174.8640000000005","total-idle-time","23298.8","total-misc-task-time","44686.8","total-productivity","51206.6","total-rest-time","16437.4","total-revenues","300104.6","total-tardy-time","1557.8","total-sales-closed","1897"
"KPI-EPI-lists company 0","82","false","365","30","true","0.05","false","true","false","false","366","name","Fashion1","total-customer-visits","26930","total-customers-helped","22569","total-sales-closed","10172","total-employee-revenues","1654000","ATS-for-employee-sales","162.6032245379473","total-non-employee-revenues","54136","ATS-for-non-employee-sales","82.90352220520674","total-gross-revenues","1708136","total-labor-costs","163473.0000000001","cogs","846727","total-profits","861408.6","gross-margin","50.4","EPIs:","","total-earnings","32694.6","total-hours-scheduled","2187.16","total-hours-worked","2179.64","total-idle-time","23741.4","total-misc-task-time","47555.2","total-productivity","48331","total-rest-time","16806.8","total-revenues","330800","total-tardy-time","1125.4","total-sales-closed","2034.4"
"KPI-EPI-lists company 1","82","false","365","30","true","0.05","false","true","false","false","366","name","Fashion2","total-customer-visits","26797","total-customers-helped","21285","total-sales-closed","9667","total-employee-revenues","1525912","ATS-for-employee-sales","157.84752249922417","total-non-employee-revenues","69038","ATS-for-non-employee-sales","82.48267622461171","total-gross-revenues","1594950","total-labor-costs","147285.405","cogs","785265","total-profits","809684.5949999997","gross-margin","50.8","EPIs:","","total-earnings","29457.081","total-hours-scheduled","2192.3","total-hours-worked","2182.006","total-idle-time","23586","total-misc-task-time","45714.8","total-productivity","50460.2","total-rest-time","16463.8","total-revenues","305182.4","total-tardy-time","1635.2","total-sales-closed","1933.4"
"KPI-EPI-lists company 0","83","false","365","30","true","0.05","false","true","false","false","366","name","Fashion1","total-customer-visits","27211","total-customers-helped","22679","total-sales-closed","10154","total-employee-revenues","1634478","ATS-for-employee-sales","160.96887925940516","total-non-employee-revenues","50421","ATS-for-non-employee-sales","82.25285481239804","total-gross-revenues","1684899","total-labor-costs","164546.1","cogs","838506","total-profits","846393.3","gross-margin","50.2","EPIs:","","total-earnings","32909.22000000001","total-hours-scheduled","2202.1599999999994","total-hours-worked","2193.9479999999994","total-idle-time","23680.8","total-misc-task-time","47415.2","total-productivity","49326.4","total-rest-time","16840","total-revenues","326895.6","total-tardy-time","1245.8","total-sales-closed","2030.8"
"KPI-EPI-lists company 1","83","false","365","30","true","0.05","false","true","false","false","366","name","Fashion2","total-customer-visits","26896","total-customers-helped","21874","total-sales-closed","9759","total-employee-revenues","1553890","ATS-for-employee-sales","159.2263551593401","total-non-employee-revenues","57436","ATS-for-non-employee-sales","82.88023088023088","total-gross-revenues","1611326","total-labor-costs","147310.11000000002","cogs","791841","total-profits","819485.4900000001","gross-margin","50.9","EPIs:","","total-earnings","29462.022000000015","total-hours-scheduled","2192.840000000001","total-hours-worked","2182.3720000000008","total-idle-time","23252","total-misc-task-time","46043.2","total-productivity","50381.2","total-rest-time","16558.4","total-revenues","310778","total-tardy-time","1469.6","total-sales-closed","1951.8"
"KPI-EPI-lists company 0","84","false","365","30","true","0.05","false","true","false","false","366","name","Fashion1","total-customer-visits","26881","total-customers-helped","22635","total-sales-closed","10191","total-employee-revenues","1646686","ATS-for-employee-sales","161.58237660680993","total-non-employee-revenues","50184","ATS-for-non-employee-sales","82.26885245901639","total-gross-revenues","1696870","total-labor-costs","163773.75000000012","cogs","842522","total-profits","854348.2499999993","gross-margin","50.3","EPIs:","","total-earnings","32754.750000000007","total-hours-scheduled","2189.7800000000007","total-hours-worked","2183.6500000000005","total-idle-time","23799.6","total-misc-task-time","47510.2","total-productivity","48484.2","total-rest-time","16916.8","total-revenues","329337.2","total-tardy-time","1071.4","total-sales-closed","2038.2"
"KPI-EPI-lists company 1","84","false","365","30","true","0.05","false","true","false","false","366","name","Fashion2","total-customer-visits","26825","total-customers-helped","21637","total-sales-closed","9866","total-employee-revenues","1564852","ATS-for-employee-sales","158.6105817960673","total-non-employee-revenues","57509","ATS-for-non-employee-sales","82.27324749642347","total-gross-revenues","1622361","total-labor-costs","146510.64","cogs","795455","total-profits","826905.9600000001","gross-margin","51","EPIs:","","total-earnings","29302.128000000004","total-hours-scheduled","2180.9399999999987","total-hours-worked","2170.5279999999993","total-idle-time","23333","total-misc-task-time","45202.8","total-productivity","50537.8","total-rest-time","16417.6","total-revenues","312970.4","total-tardy-time","1465.4","total-sales-closed","1973.2"
"KPI-EPI-lists company 0","85","false","365","30","true","0.05","false","true","false","false","366","name","Fashion1","total-customer-visits","26702","total-customers-helped","22193","total-sales-closed","9824","total-employee-revenues","1584940","ATS-for-employee-sales","161.3334690553746","total-non-employee-revenues","52959","ATS-for-non-employee-sales","81.97987616099071","total-gross-revenues","1637899","total-labor-costs","162517.8000000001","cogs","817677","total-profits","820221.5999999995","gross-margin","50.1","EPIs:","","total-earnings","32503.560000000005","total-hours-scheduled","2173.52","total-hours-worked","2166.9040000000005","total-idle-time","23954.8","total-misc-task-time","47275.4","total-productivity","47848","total-rest-time","16692.6","total-revenues","316988","total-tardy-time","1049","total-sales-closed","1964.8"
"KPI-EPI-lists company 1","85","false","365","30","true","0.05","false","true","false","false","366","name","Fashion2","total-customer-visits","27014","total-customers-helped","21793","total-sales-closed","9858","total-employee-revenues","1556534","ATS-for-employee-sales","157.89551633191317","total-non-employee-revenues","63198","ATS-for-non-employee-sales","82.2890625","total-gross-revenues","1619732","total-labor-costs","147378.42000000007","cogs","795271","total-profits","824460.7799999999","gross-margin","50.9","EPIs:","","total-earnings","29475.68400000002","total-hours-scheduled","2194.3999999999996","total-hours-worked","2183.3840000000005","total-idle-time","23440.4","total-misc-task-time","45040.2","total-productivity","51218","total-rest-time","16552.4","total-revenues","311306.8","total-tardy-time","1511.4","total-sales-closed","1971.6"
"KPI-EPI-lists company 0","86","false","365","30","true","0.05","false","true","false","false","366","name","Fashion1","total-customer-visits","27104","total-customers-helped","22967","total-sales-closed","10356","total-employee-revenues","1687428","ATS-for-employee-sales","162.94206257242178","total-non-employee-revenues","47809","ATS-for-non-employee-sales","82.57167530224525","total-gross-revenues","1735237","total-labor-costs","164084.40000000014","cogs","858179","total-profits","877057.7999999992","gross-margin","50.5","EPIs:","","total-earnings","32816.880000000005","total-hours-scheduled","2195.18","total-hours-worked","2187.7919999999995","total-idle-time","24238.4","total-misc-task-time","48136.2","total-productivity","47818.4","total-rest-time","17070.6","total-revenues","337485.6","total-tardy-time","1023","total-sales-closed","2071.2"
"KPI-EPI-lists company 1","86","false","365","30","true","0.05","false","true","false","false","366","name","Fashion2","total-customer-visits","27215","total-customers-helped","22075","total-sales-closed","9836","total-employee-revenues","1572337","ATS-for-employee-sales","159.85532736884912","total-non-employee-revenues","60285","ATS-for-non-employee-sales","82.80906593406593","total-gross-revenues","1632622","total-labor-costs","145059.38999999996","cogs","798108","total-profits","834513.8099999999","gross-margin","51.1","EPIs:","","total-earnings","29011.878000000008","total-hours-scheduled","2157.5800000000004","total-hours-worked","2149.0280000000002","total-idle-time","23070.4","total-misc-task-time","44716.6","total-productivity","50026.4","total-rest-time","16328.6","total-revenues","314467.4","total-tardy-time","1282","total-sales-closed","1967.2"
"KPI-EPI-lists company 0","87","false","365","30","true","0.05","false","true","false","false","366","name","Fashion1","total-customer-visits","26601","total-customers-helped","22330","total-sales-closed","10044","total-employee-revenues","1627306","ATS-for-employee-sales","162.01772202309837","total-non-employee-revenues","48752","ATS-for-non-employee-sales","82.21247892074199","total-gross-revenues","1676058","total-labor-costs","162955.05","cogs","833378","total-profits","842679.7500000005","gross-margin","50.3","EPIs:","","total-earnings","32591.01000000001","total-hours-scheduled","2180.2200000000003","total-hours-worked","2172.734","total-idle-time","24060.2","total-misc-task-time","47967.6","total-productivity","47332.6","total-rest-time","16881.6","total-revenues","325461.2","total-tardy-time","1185.8","total-sales-closed","2008.8"
"KPI-EPI-lists company 1","87","false","365","30","true","0.05","false","true","false","false","366","name","Fashion2","total-customer-visits","27154","total-customers-helped","21821","total-sales-closed","9695","total-employee-revenues","1529760","ATS-for-employee-sales","157.7885507993811","total-non-employee-revenues","59314","ATS-for-non-employee-sales","82.38055555555556","total-gross-revenues","1589074","total-labor-costs","146653.06499999986","cogs","782283","total-profits","806791.3350000004","gross-margin","50.8","EPIs:","","total-earnings","29330.613000000012","total-hours-scheduled","2182.640000000001","total-hours-worked","2172.638000000001","total-idle-time","22863","total-misc-task-time","44504.2","total-productivity","51553.2","total-rest-time","16438.6","total-revenues","305952","total-tardy-time","1567.8","total-sales-closed","1939"
"KPI-EPI-lists company 0","88","false","365","30","true","0.05","false","true","false","false","366","name","Fashion1","total-customer-visits","26987","total-customers-helped","22520","total-sales-closed","10110","total-employee-revenues","1629512","ATS-for-employee-sales","161.1782393669634","total-non-employee-revenues","55014","ATS-for-non-employee-sales","82.85240963855422","total-gross-revenues","1684526","total-labor-costs","163380.44999999998","cogs","837191","total-profits","847335.1500000006","gross-margin","50.3","EPIs:","","total-earnings","32676.090000000004","total-hours-scheduled","2185.6999999999994","total-hours-worked","2178.4059999999995","total-idle-time","23740.4","total-misc-task-time","46661.8","total-productivity","49241","total-rest-time","16670.8","total-revenues","325902.4","total-tardy-time","1145","total-sales-closed","2022"
"KPI-EPI-lists company 1","88","false","365","30","true","0.05","false","true","false","false","366","name","Fashion2","total-customer-visits","27084","total-customers-helped","21516","total-sales-closed","9746","total-employee-revenues","1534847","ATS-for-employee-sales","157.48481428278268","total-non-employee-revenues","64678","ATS-for-non-employee-sales","83.13367609254499","total-gross-revenues","1599525","total-labor-costs","146361.59999999995","cogs","786172","total-profits","813353.4000000001","gross-margin","50.8","EPIs:","","total-earnings","29272.320000000018","total-hours-scheduled","2178.7400000000002","total-hours-worked","2168.32","total-idle-time","23235.4","total-misc-task-time","44317.4","total-productivity","51283.8","total-rest-time","16411","total-revenues","306969.4","total-tardy-time","1719","total-sales-closed","1949.2"
"KPI-EPI-lists company 0","89","false","365","30","true","0.05","false","true","false","false","366","name","Fashion1","total-customer-visits","26846","total-customers-helped","22345","total-sales-closed","10074","total-employee-revenues","1621804","ATS-for-employee-sales","160.98908080206473","total-non-employee-revenues","52290","ATS-for-non-employee-sales","81.95924764890282","total-gross-revenues","1674094","total-labor-costs","163660.20000000007","cogs","833298","total-profits","840796.2000000007","gross-margin","50.2","EPIs:","","total-earnings","32732.04","total-hours-scheduled","2190.8600000000006","total-hours-worked","2182.136000000001","total-idle-time","23696.4","total-misc-task-time","46994.2","total-productivity","49129","total-rest-time","16682.2","total-revenues","324360.8","total-tardy-time","1225.2","total-sales-closed","2014.8"
"KPI-EPI-lists company 1","89","false","365","30","true","0.05","false","true","false","false","366","name","Fashion2","total-customer-visits","27070","total-customers-helped","21998","total-sales-closed","9950","total-employee-revenues","1582190","ATS-for-employee-sales","159.0140703517588","total-non-employee-revenues","52412","ATS-for-non-employee-sales","82.15047021943573","total-gross-revenues","1634602","total-labor-costs","147398.93999999986","cogs","801240","total-profits","833362.2599999998","gross-margin","51","EPIs:","","total-earnings","29479.78800000001","total-hours-scheduled","2193.7000000000007","total-hours-worked","2183.6880000000006","total-idle-time","23317.4","total-misc-task-time","45841.2","total-productivity","50508","total-rest-time","16645.6","total-revenues","316438","total-tardy-time","1511.6","total-sales-closed","1990"
"KPI-EPI-lists company 0","90","false","365","30","true","0.05","false","true","false","false","366","name","Fashion1","total-customer-visits","27253","total-customers-helped","22417","total-sales-closed","10071","total-employee-revenues","1615472","ATS-for-employee-sales","160.40830106245656","total-non-employee-revenues","57898","ATS-for-non-employee-sales","83.66763005780346","total-gross-revenues","1673370","total-labor-costs","163467.14999999997","cogs","832815","total-profits","840554.8500000002","gross-margin","50.2","EPIs:","","total-earnings","32693.430000000004","total-hours-scheduled","2188.7799999999997","total-hours-worked","2179.562","total-idle-time","23520.2","total-misc-task-time","46237.2","total-productivity","49686.4","total-rest-time","16797.2","total-revenues","323094.4","total-tardy-time","1220.6","total-sales-closed","2014.2"
"KPI-EPI-lists company 1","90","false","365","30","true","0.05","false","true","false","false","366","name","Fashion2","total-customer-visits","27000","total-customers-helped","21315","total-sales-closed","9531","total-employee-revenues","1502342","ATS-for-employee-sales","157.62690168922464","total-non-employee-revenues","66164","ATS-for-non-employee-sales","83.32997481108312","total-gross-revenues","1568506","total-labor-costs","147483.44999999987","cogs","774886","total-profits","793620.15","gross-margin","50.6","EPIs:","","total-earnings","29496.690000000013","total-hours-scheduled","2197.2599999999998","total-hours-worked","2184.94","total-idle-time","23279","total-misc-task-time","45154.2","total-productivity","51261.2","total-rest-time","16487.6","total-revenues","300468.4","total-tardy-time","1816.8","total-sales-closed","1906.2"
"KPI-EPI-lists company 0","91","false","365","30","true","0.1","false","true","false","false","366","name","Fashion1","total-customer-visits","27095","total-customers-helped","22885","total-sales-closed","10439","total-employee-revenues","1693774","ATS-for-employee-sales","162.25443050100586","total-non-employee-revenues","48108","ATS-for-non-employee-sales","80.58291457286433","total-gross-revenues","1741882","total-labor-costs","165639.60000000003","cogs","862392","total-profits","879489.5999999997","gross-margin","50.5","EPIs:","","total-earnings","33127.920000000006","total-hours-scheduled","2214.599999999999","total-hours-worked","2208.5279999999993","total-idle-time","24308.8","total-misc-task-time","48718.6","total-productivity","48374.2","total-rest-time","17094.6","total-revenues","338754.8","total-tardy-time","942.4","total-sales-closed","2087.8"
"KPI-EPI-lists company 1","91","false","365","30","true","0.1","false","true","false","false","366","name","Fashion2","total-customer-visits","27095","total-customers-helped","21017","total-sales-closed","9432","total-employee-revenues","1472899","ATS-for-employee-sales","156.15977523324852","total-non-employee-revenues","70469","ATS-for-non-employee-sales","82.71009389671362","total-gross-revenues","1543368","total-labor-costs","146070.4049999999","cogs","763418","total-profits","779950.3949999996","gross-margin","50.5","EPIs:","","total-earnings","29214.081","total-hours-scheduled","2176.04","total-hours-worked","2164.006","total-idle-time","23012.6","total-misc-task-time","43287.2","total-productivity","52022.2","total-rest-time","16395.6","total-revenues","294579.8","total-tardy-time","1918.8","total-sales-closed","1886.4"
"KPI-EPI-lists company 0","92","false","365","30","true","0.1","false","true","false","false","366","name","Fashion1","total-customer-visits","26857","total-customers-helped","22609","total-sales-closed","10124","total-employee-revenues","1644283","ATS-for-employee-sales","162.41436191228763","total-non-employee-revenues","51742","ATS-for-non-employee-sales","82.65495207667732","total-gross-revenues","1696025","total-labor-costs","164704.4999999999","cogs","843114","total-profits","852910.4999999999","gross-margin","50.3","EPIs:","","total-earnings","32940.9","total-hours-scheduled","2202.9800000000005","total-hours-worked","2196.0600000000004","total-idle-time","24104.4","total-misc-task-time","48344.2","total-productivity","48250.2","total-rest-time","16948.2","total-revenues","328856.6","total-tardy-time","1115.2","total-sales-closed","2024.8"
"KPI-EPI-lists company 1","92","false","365","30","true","0.1","false","true","false","false","366","name","Fashion2","total-customer-visits","26965","total-customers-helped","20763","total-sales-closed","9322","total-employee-revenues","1443333","ATS-for-employee-sales","154.83083029392833","total-non-employee-revenues","63684","ATS-for-non-employee-sales","82.27906976744185","total-gross-revenues","1507017","total-labor-costs","146949.79499999995","cogs","749757","total-profits","757260.4049999996","gross-margin","50.2","EPIs:","","total-earnings","29389.95900000002","total-hours-scheduled","2191.1800000000003","total-hours-worked","2177.0340000000006","total-idle-time","23068","total-misc-task-time","43148.6","total-productivity","52718.6","total-rest-time","16533","total-revenues","288666.6","total-tardy-time","2092","total-sales-closed","1864.4"
"KPI-EPI-lists company 0","93","false","365","30","true","0.1","false","true","false","false","366","name","Fashion1","total-customer-visits","26754","total-customers-helped","22515","total-sales-closed","10144","total-employee-revenues","1644679","ATS-for-employee-sales","162.13318217665616","total-non-employee-revenues","52307","ATS-for-non-employee-sales","82.63349131121643","total-gross-revenues","1696986","total-labor-costs","164149.05000000005","cogs","842943","total-profits","854042.5499999992","gross-margin","50.3","EPIs:","","total-earnings","32829.810000000005","total-hours-scheduled","2194.5999999999995","total-hours-worked","2188.654","total-idle-time","24156.6","total-misc-task-time","48205.2","total-productivity","47873.2","total-rest-time","16960.4","total-revenues","328935.8","total-tardy-time","1013.2","total-sales-closed","2028.8"
"KPI-EPI-lists company 1","93","false","365","30","true","0.1","false","true","false","false","366","name","Fashion2","total-customer-visits","26810","total-customers-helped","20490","total-sales-closed","9215","total-employee-revenues","1414986","ATS-for-employee-sales","153.55246880086816","total-non-employee-revenues","71371","ATS-for-non-employee-sales","82.98953488372094","total-gross-revenues","1486357","total-labor-costs","146672.50499999992","cogs","741215","total-profits","745141.6949999998","gross-margin","50.1","EPIs:","","total-earnings","29334.50100000001","total-hours-scheduled","2186.96","total-hours-worked","2172.926","total-idle-time","23513.6","total-misc-task-time","41744.4","total-productivity","53534.2","total-rest-time","16543.6","total-revenues","282997.2","total-tardy-time","2083.8","total-sales-closed","1843"
"KPI-EPI-lists company 0","94","false","365","30","true","0.1","false","true","false","false","366","name","Fashion1","total-customer-visits","27043","total-customers-helped","22640","total-sales-closed","10198","total-employee-revenues","1648904","ATS-for-employee-sales","161.68895861933711","total-non-employee-revenues","52005","ATS-for-non-employee-sales","83.34134615384616","total-gross-revenues","1700909","total-labor-costs","163780.94999999995","cogs","844145","total-profits","856764.4500000005","gross-margin","50.4","EPIs:","","total-earnings","32756.190000000013","total-hours-scheduled","2190.4199999999996","total-hours-worked","2183.746","total-idle-time","23763","total-misc-task-time","47915.8","total-productivity","48167.4","total-rest-time","16892.6","total-revenues","329780.8","total-tardy-time","1091","total-sales-closed","2039.6"
"KPI-EPI-lists company 1","94","false","365","30","true","0.1","false","true","false","false","366","name","Fashion2","total-customer-visits","26877","total-customers-helped","20425","total-sales-closed","9246","total-employee-revenues","1423188","ATS-for-employee-sales","153.92472420506164","total-non-employee-revenues","73379","ATS-for-non-employee-sales","82.3557800224467","total-gross-revenues","1496567","total-labor-costs","145989.675","cogs","744616","total-profits","751950.5249999998","gross-margin","50.2","EPIs:","","total-earnings","29197.93500000002","total-hours-scheduled","2178.04","total-hours-worked","2162.8100000000004","total-idle-time","23102.4","total-misc-task-time","41666.6","total-productivity","53398.6","total-rest-time","16413.6","total-revenues","284637.6","total-tardy-time","2307.4","total-sales-closed","1849.2"
"KPI-EPI-lists company 0","95","false","365","30","true","0.1","false","true","false","false","366","name","Fashion1","total-customer-visits","26930","total-customers-helped","22736","total-sales-closed","10215","total-employee-revenues","1662957","ATS-for-employee-sales","162.79559471365639","total-non-employee-revenues","50730","ATS-for-non-employee-sales","81.55948553054662","total-gross-revenues","1713687","total-labor-costs","164905.2","cogs","850380","total-profits","863306.9999999995","gross-margin","50.4","EPIs:","","total-earnings","32981.04","total-hours-scheduled","2205.38","total-hours-worked","2198.736","total-idle-time","24205.4","total-misc-task-time","48681.6","total-productivity","47837.8","total-rest-time","17152","total-revenues","332591.4","total-tardy-time","1090.2","total-sales-closed","2043"
"KPI-EPI-lists company 1","95","false","365","30","true","0.1","false","true","false","false","366","name","Fashion2","total-customer-visits","27190","total-customers-helped","20470","total-sales-closed","9216","total-employee-revenues","1417139","ATS-for-employee-sales","153.76942274305554","total-non-employee-revenues","74234","ATS-for-non-employee-sales","81.66556655665566","total-gross-revenues","1491373","total-labor-costs","146113.335","cogs","742663","total-profits","748710.4649999994","gross-margin","50.2","EPIs:","","total-earnings","29222.667000000016","total-hours-scheduled","2178.9199999999996","total-hours-worked","2164.6420000000003","total-idle-time","22951.2","total-misc-task-time","41082.6","total-productivity","54022.6","total-rest-time","16543.2","total-revenues","283427.8","total-tardy-time","2315.2","total-sales-closed","1843.2"
"KPI-EPI-lists company 0","96","false","365","30","true","0.1","false","true","false","false","366","name","Fashion1","total-customer-visits","27115","total-customers-helped","22529","total-sales-closed","10125","total-employee-revenues","1636529","ATS-for-employee-sales","161.6324938271605","total-non-employee-revenues","51868","ATS-for-non-employee-sales","82.19968304278922","total-gross-revenues","1688397","total-labor-costs","164788.8","cogs","840148","total-profits","848249.4000000003","gross-margin","50.2","EPIs:","","total-earnings","32957.76","total-hours-scheduled","2205.04","total-hours-worked","2197.184","total-idle-time","23857.6","total-misc-task-time","48235.4","total-productivity","48582.2","total-rest-time","16867.2","total-revenues","327305.8","total-tardy-time","1295.6","total-sales-closed","2025"
"KPI-EPI-lists company 1","96","false","365","30","true","0.1","false","true","false","false","366","name","Fashion2","total-customer-visits","26946","total-customers-helped","20743","total-sales-closed","9388","total-employee-revenues","1453315","ATS-for-employee-sales","154.8056028973157","total-non-employee-revenues","73117","ATS-for-non-employee-sales","82.33896396396396","total-gross-revenues","1526432","total-labor-costs","147554.865","cogs","758128","total-profits","768304.335","gross-margin","50.3","EPIs:","","total-earnings","29510.972999999998","total-hours-scheduled","2201.42","total-hours-worked","2185.9980000000005","total-idle-time","23621.2","total-misc-task-time","42438.4","total-productivity","53567.2","total-rest-time","16600.4","total-revenues","290663","total-tardy-time","2193.6","total-sales-closed","1877.6"
"KPI-EPI-lists company 0","97","false","365","30","true","0.1","false","true","false","false","366","name","Fashion1","total-customer-visits","27044","total-customers-helped","22512","total-sales-closed","10121","total-employee-revenues","1634145","ATS-for-employee-sales","161.4608240292461","total-non-employee-revenues","52641","ATS-for-non-employee-sales","82.38028169014085","total-gross-revenues","1686786","total-labor-costs","164265.90000000008","cogs","838980","total-profits","847805.6999999993","gross-margin","50.3","EPIs:","","total-earnings","32853.18000000001","total-hours-scheduled","2198.5399999999995","total-hours-worked","2190.2119999999995","total-idle-time","23688","total-misc-task-time","47541","total-productivity","48979.4","total-rest-time","16809.2","total-revenues","326829","total-tardy-time","1303.2","total-sales-closed","2024.2"
"KPI-EPI-lists company 1","97","false","365","30","true","0.1","false","true","false","false","366","name","Fashion2","total-customer-visits","27086","total-customers-helped","20783","total-sales-closed","9459","total-employee-revenues","1461727","ATS-for-employee-sales","154.53293159953483","total-non-employee-revenues","75459","ATS-for-non-employee-sales","82.02065217391305","total-gross-revenues","1537186","total-labor-costs","147179.97000000006","cogs","762054","total-profits","775131.6300000001","gross-margin","50.4","EPIs:","","total-earnings","29435.994000000013","total-hours-scheduled","2193.3200000000006","total-hours-worked","2180.4440000000004","total-idle-time","23242.2","total-misc-task-time","42491.2","total-productivity","53419.2","total-rest-time","16588.4","total-revenues","292345.4","total-tardy-time","2003.8","total-sales-closed","1891.8"
"KPI-EPI-lists company 0","98","false","365","30","true","0.1","false","true","false","false","366","name","Fashion1","total-customer-visits","27505","total-customers-helped","23234","total-sales-closed","10434","total-employee-revenues","1693844","ATS-for-employee-sales","162.33889208357294","total-non-employee-revenues","51810","ATS-for-non-employee-sales","82.896","total-gross-revenues","1745654","total-labor-costs","164005.80000000005","cogs","862267","total-profits","883386.6000000007","gross-margin","50.6","EPIs:","","total-earnings","32801.16","total-hours-scheduled","2193.4199999999996","total-hours-worked","2186.744","total-idle-time","24065.8","total-misc-task-time","47255.4","total-productivity","48685.4","total-rest-time","17091.4","total-revenues","338768.8","total-tardy-time","1102.4","total-sales-closed","2086.8"
"KPI-EPI-lists company 1","98","false","365","30","true","0.1","false","true","false","false","366","name","Fashion2","total-customer-visits","27077","total-customers-helped","20687","total-sales-closed","9391","total-employee-revenues","1451771","ATS-for-employee-sales","154.59173676924715","total-non-employee-revenues","74185","ATS-for-non-employee-sales","81.79162072767365","total-gross-revenues","1525956","total-labor-costs","147719.29500000004","cogs","758102","total-profits","767854.3049999998","gross-margin","50.3","EPIs:","","total-earnings","29543.859000000008","total-hours-scheduled","2201.6800000000007","total-hours-worked","2188.434000000001","total-idle-time","23032.2","total-misc-task-time","43048.4","total-productivity","53412.2","total-rest-time","16597.8","total-revenues","290354.2","total-tardy-time","2086.4","total-sales-closed","1878.2"
"KPI-EPI-lists company 0","99","false","365","30","true","0.1","false","true","false","false","366","name","Fashion1","total-customer-visits","26693","total-customers-helped","22334","total-sales-closed","10063","total-employee-revenues","1624590","ATS-for-employee-sales","161.44191592964324","total-non-employee-revenues","50759","ATS-for-non-employee-sales","83.48519736842105","total-gross-revenues","1675349","total-labor-costs","163912.80000000005","cogs","834052","total-profits","841296.5999999999","gross-margin","50.2","EPIs:","","total-earnings","32782.56000000001","total-hours-scheduled","2192.959999999999","total-hours-worked","2185.5039999999995","total-idle-time","23941.6","total-misc-task-time","47815.4","total-productivity","48297.6","total-rest-time","16830.4","total-revenues","324918","total-tardy-time","1111.8","total-sales-closed","2012.6"
"KPI-EPI-lists company 1","99","false","365","30","true","0.1","false","true","false","false","366","name","Fashion2","total-customer-visits","26891","total-customers-helped","20382","total-sales-closed","9238","total-employee-revenues","1423403","ATS-for-employee-sales","154.0812946525222","total-non-employee-revenues","76802","ATS-for-non-employee-sales","82.49409237379162","total-gross-revenues","1500205","total-labor-costs","146793.46499999988","cogs","746875","total-profits","753329.5350000001","gross-margin","50.2","EPIs:","","total-earnings","29358.693000000017","total-hours-scheduled","2188.1800000000007","total-hours-worked","2174.718","total-idle-time","23407.4","total-misc-task-time","42320.6","total-productivity","53106.8","total-rest-time","16548.4","total-revenues","284680.6","total-tardy-time","2389.2","total-sales-closed","1847.6"
"KPI-EPI-lists company 0","100","false","365","30","true","0.1","false","true","false","false","366","name","Fashion1","total-customer-visits","26932","total-customers-helped","22706","total-sales-closed","10168","total-employee-revenues","1653035","ATS-for-employee-sales","162.57228560188827","total-non-employee-revenues","46800","ATS-for-non-employee-sales","82.3943661971831","total-gross-revenues","1699835","total-labor-costs","163922.7","cogs","843857","total-profits","855978.3000000003","gross-margin","50.4","EPIs:","","total-earnings","32784.54","total-hours-scheduled","2193.6000000000004","total-hours-worked","2185.636","total-idle-time","24105","total-misc-task-time","47893.6","total-productivity","48001.4","total-rest-time","17046.6","total-revenues","330607","total-tardy-time","1056.2","total-sales-closed","2033.6"
"KPI-EPI-lists company 1","100","false","365","30","true","0.1","false","true","false","false","366","name","Fashion2","total-customer-visits","26992","total-customers-helped","20542","total-sales-closed","9153","total-employee-revenues","1412476","ATS-for-employee-sales","154.31836556320332","total-non-employee-revenues","72359","ATS-for-non-employee-sales","82.22613636363636","total-gross-revenues","1484835","total-labor-costs","147465.4949999999","cogs","741399","total-profits","743435.5050000012","gross-margin","50.1","EPIs:","","total-earnings","29493.09900000001","total-hours-scheduled","2197.040000000001","total-hours-worked","2184.6740000000004","total-idle-time","23404.8","total-misc-task-time","42618.4","total-productivity","53397.2","total-rest-time","16562.6","total-revenues","282495.2","total-tardy-time","2075.4","total-sales-closed","1830.6"
"KPI-EPI-lists company 0","101","false","365","30","true","0.15","false","true","false","false","366","name","Fashion1","total-customer-visits","27145","total-customers-helped","23109","total-sales-closed","10494","total-employee-revenues","1709838","ATS-for-employee-sales","162.93481989708405","total-non-employee-revenues","47050","ATS-for-non-employee-sales","84.47037701974865","total-gross-revenues","1756888","total-labor-costs","164219.84999999995","cogs","866975","total-profits","889912.9500000004","gross-margin","50.7","EPIs:","","total-earnings","32843.97000000001","total-hours-scheduled","2196.3799999999997","total-hours-worked","2189.598","total-idle-time","23633.4","total-misc-task-time","47796.4","total-productivity","48558","total-rest-time","17075.6","total-revenues","341967.6","total-tardy-time","974.4","total-sales-closed","2098.8"
"KPI-EPI-lists company 1","101","false","365","30","true","0.15","false","true","false","false","366","name","Fashion2","total-customer-visits","26904","total-customers-helped","19382","total-sales-closed","8738","total-employee-revenues","1312186","ATS-for-employee-sales","150.17006179903868","total-non-employee-revenues","84741","ATS-for-non-employee-sales","82.4328793774319","total-gross-revenues","1396927","total-labor-costs","147394.34999999995","cogs","706165","total-profits","690761.8500000003","gross-margin","49.4","EPIs:","","total-earnings","29478.870000000006","total-hours-scheduled","2200.3199999999997","total-hours-worked","2183.62","total-idle-time","23427.2","total-misc-task-time","40321.2","total-productivity","55241.6","total-rest-time","16662.6","total-revenues","262437.2","total-tardy-time","2755.8","total-sales-closed","1747.6"
"KPI-EPI-lists company 0","102","false","365","30","true","0.15","false","true","false","false","366","name","Fashion1","total-customer-visits","26768","total-customers-helped","22758","total-sales-closed","10146","total-employee-revenues","1650272","ATS-for-employee-sales","162.65247388133255","total-non-employee-revenues","46032","ATS-for-non-employee-sales","82.2","total-gross-revenues","1696304","total-labor-costs","163329.30000000002","cogs","841851","total-profits","854453.1000000003","gross-margin","50.4","EPIs:","","total-earnings","32665.860000000004","total-hours-scheduled","2183.8599999999997","total-hours-worked","2177.7239999999997","total-idle-time","24029","total-misc-task-time","48226.2","total-productivity","47346","total-rest-time","16963","total-revenues","330054.4","total-tardy-time","1000.2","total-sales-closed","2029.2"
"KPI-EPI-lists company 1","102","false","365","30","true","0.15","false","true","false","false","366","name","Fashion2","total-customer-visits","26720","total-customers-helped","19396","total-sales-closed","8700","total-employee-revenues","1307587","ATS-for-employee-sales","150.2973563218391","total-non-employee-revenues","81210","ATS-for-non-employee-sales","83.03680981595092","total-gross-revenues","1388797","total-labor-costs","146758.90500000003","cogs","702278","total-profits","686519.2950000004","gross-margin","49.4","EPIs:","","total-earnings","29351.781000000017","total-hours-scheduled","2190.340000000001","total-hours-worked","2174.2060000000006","total-idle-time","23310.8","total-misc-task-time","40437.4","total-productivity","54654.4","total-rest-time","16647.8","total-revenues","261517.4","total-tardy-time","2433.4","total-sales-closed","1740"
"KPI-EPI-lists company 0","103","false","365","30","true","0.15","false","true","false","false","366","name","Fashion1","total-customer-visits","26744","total-customers-helped","22587","total-sales-closed","10343","total-employee-revenues","1679445","ATS-for-employee-sales","162.3750362564053","total-non-employee-revenues","47247","ATS-for-non-employee-sales","83.62300884955752","total-gross-revenues","1726692","total-labor-costs","164413.64999999997","cogs","855090","total-profits","871601.5500000007","gross-margin","50.5","EPIs:","","total-earnings","32882.73","total-hours-scheduled","2199.44","total-hours-worked","2192.182","total-idle-time","24222.6","total-misc-task-time","48447","total-productivity","47853.6","total-rest-time","16972.6","total-revenues","335889","total-tardy-time","1054","total-sales-closed","2068.6"
"KPI-EPI-lists company 1","103","false","365","30","true","0.15","false","true","false","false","366","name","Fashion2","total-customer-visits","27061","total-customers-helped","19509","total-sales-closed","8791","total-employee-revenues","1320329","ATS-for-employee-sales","150.19099078603116","total-non-employee-revenues","84617","ATS-for-non-employee-sales","81.75555555555556","total-gross-revenues","1404946","total-labor-costs","146084.9849999999","cogs","708063","total-profits","696882.6149999995","gross-margin","49.6","EPIs:","","total-earnings","29216.99700000001","total-hours-scheduled","2179.04","total-hours-worked","2164.222","total-idle-time","23042.8","total-misc-task-time","39221.2","total-productivity","55440","total-rest-time","16649.4","total-revenues","264065.8","total-tardy-time","2545.2","total-sales-closed","1758.2"
"KPI-EPI-lists company 0","104","false","365","30","true","0.15","false","true","false","false","366","name","Fashion1","total-customer-visits","27063","total-customers-helped","22458","total-sales-closed","10095","total-employee-revenues","1628293","ATS-for-employee-sales","161.2969787023279","total-non-employee-revenues","55432","ATS-for-non-employee-sales","82.85799701046338","total-gross-revenues","1683725","total-labor-costs","163615.9499999999","cogs","837106","total-profits","846619.0500000007","gross-margin","50.3","EPIs:","","total-earnings","32723.19000000001","total-hours-scheduled","2189.34","total-hours-worked","2181.5460000000007","total-idle-time","23872.8","total-misc-task-time","47251.4","total-productivity","48748.2","total-rest-time","16719.2","total-revenues","325658.6","total-tardy-time","1277.2","total-sales-closed","2019"
"KPI-EPI-lists company 1","104","false","365","30","true","0.15","false","true","false","false","366","name","Fashion2","total-customer-visits","27058","total-customers-helped","19491","total-sales-closed","8905","total-employee-revenues","1338979","ATS-for-employee-sales","150.36260527793374","total-non-employee-revenues","89837","ATS-for-non-employee-sales","82.79907834101382","total-gross-revenues","1428816","total-labor-costs","146329.33499999985","cogs","717856","total-profits","710960.2650000007","gross-margin","49.8","EPIs:","","total-earnings","29265.867000000006","total-hours-scheduled","2185.54","total-hours-worked","2167.8419999999996","total-idle-time","23148.2","total-misc-task-time","39459.8","total-productivity","55289.8","total-rest-time","16693.8","total-revenues","267795.8","total-tardy-time","2760.4","total-sales-closed","1781"
"KPI-EPI-lists company 0","105","false","365","30","true","0.15","false","true","false","false","366","name","Fashion1","total-customer-visits","26686","total-customers-helped","22063","total-sales-closed","9875","total-employee-revenues","1590930","ATS-for-employee-sales","161.10683544303797","total-non-employee-revenues","55769","ATS-for-non-employee-sales","83.23731343283582","total-gross-revenues","1646699","total-labor-costs","163779.89999999994","cogs","822460","total-profits","824239.5000000007","gross-margin","50.1","EPIs:","","total-earnings","32755.98","total-hours-scheduled","2192.7800000000007","total-hours-worked","2183.732000000001","total-idle-time","23573.2","total-misc-task-time","47610.2","total-productivity","48653.8","total-rest-time","16747.8","total-revenues","318186","total-tardy-time","1317","total-sales-closed","1975"
"KPI-EPI-lists company 1","105","false","365","30","true","0.15","false","true","false","false","366","name","Fashion2","total-customer-visits","27080","total-customers-helped","19265","total-sales-closed","8771","total-employee-revenues","1320412","ATS-for-employee-sales","150.54292555010832","total-non-employee-revenues","91244","ATS-for-non-employee-sales","82.35018050541517","total-gross-revenues","1411656","total-labor-costs","146165.84999999998","cogs","710828","total-profits","700827.7499999997","gross-margin","49.6","EPIs:","","total-earnings","29233.170000000006","total-hours-scheduled","2185","total-hours-worked","2165.42","total-idle-time","22951","total-misc-task-time","39589.2","total-productivity","55211.2","total-rest-time","16590","total-revenues","264082.4","total-tardy-time","2862.6","total-sales-closed","1754.2"
"KPI-EPI-lists company 0","106","false","365","30","true","0.15","false","true","false","false","366","name","Fashion1","total-customer-visits","26972","total-customers-helped","22404","total-sales-closed","10070","total-employee-revenues","1621845","ATS-for-employee-sales","161.0571002979146","total-non-employee-revenues","53959","ATS-for-non-employee-sales","82.12937595129375","total-gross-revenues","1675804","total-labor-costs","165520.65","cogs","835842","total-profits","839961.7500000002","gross-margin","50.1","EPIs:","","total-earnings","33104.130000000005","total-hours-scheduled","2216.2200000000003","total-hours-worked","2206.9420000000005","total-idle-time","24140.6","total-misc-task-time","48328.4","total-productivity","48869.6","total-rest-time","16882.4","total-revenues","324369","total-tardy-time","1305.2","total-sales-closed","2014"
"KPI-EPI-lists company 1","106","false","365","30","true","0.15","false","true","false","false","366","name","Fashion2","total-customer-visits","27005","total-customers-helped","19327","total-sales-closed","8678","total-employee-revenues","1301398","ATS-for-employee-sales","149.96519935469001","total-non-employee-revenues","88470","ATS-for-non-employee-sales","83.54107648725213","total-gross-revenues","1389868","total-labor-costs","146613.24","cogs","702560","total-profits","687307.5600000003","gross-margin","49.5","EPIs:","","total-earnings","29322.648000000016","total-hours-scheduled","2190.3","total-hours-worked","2172.048","total-idle-time","23519.8","total-misc-task-time","38993.6","total-productivity","55731.4","total-rest-time","16737.8","total-revenues","260279.6","total-tardy-time","2841.2","total-sales-closed","1735.6"
"KPI-EPI-lists company 0","107","false","365","30","true","0.15","false","true","false","false","366","name","Fashion1","total-customer-visits","26833","total-customers-helped","22651","total-sales-closed","10244","total-employee-revenues","1662329","ATS-for-employee-sales","162.27342834830145","total-non-employee-revenues","49753","ATS-for-non-employee-sales","81.83059210526316","total-gross-revenues","1712082","total-labor-costs","164685.60000000012","cogs","849518","total-profits","862563.5999999996","gross-margin","50.4","EPIs:","","total-earnings","32937.12000000001","total-hours-scheduled","2202.8399999999997","total-hours-worked","2195.808","total-idle-time","24001.6","total-misc-task-time","49000.2","total-productivity","47465","total-rest-time","17111.2","total-revenues","332465.8","total-tardy-time","996","total-sales-closed","2048.8"
"KPI-EPI-lists company 1","107","false","365","30","true","0.15","false","true","false","false","366","name","Fashion2","total-customer-visits","26977","total-customers-helped","19224","total-sales-closed","8574","total-employee-revenues","1285435","ATS-for-employee-sales","149.92243993468625","total-non-employee-revenues","86432","ATS-for-non-employee-sales","82.63097514340345","total-gross-revenues","1371867","total-labor-costs","144935.86499999993","cogs","693683","total-profits","678184.3349999997","gross-margin","49.4","EPIs:","","total-earnings","28987.173000000017","total-hours-scheduled","2165.88","total-hours-worked","2147.1979999999994","total-idle-time","22983.6","total-misc-task-time","38488.2","total-productivity","55227.8","total-rest-time","16580.4","total-revenues","257087","total-tardy-time","2913.2","total-sales-closed","1714.8"
"KPI-EPI-lists company 0","108","false","365","30","true","0.15","false","true","false","false","366","name","Fashion1","total-customer-visits","26697","total-customers-helped","22641","total-sales-closed","10241","total-employee-revenues","1670221","ATS-for-employee-sales","163.09159261790842","total-non-employee-revenues","44431","ATS-for-non-employee-sales","80.93078324225866","total-gross-revenues","1714652","total-labor-costs","164166.90000000002","cogs","850028","total-profits","864624.3000000002","gross-margin","50.4","EPIs:","","total-earnings","32833.380000000005","total-hours-scheduled","2195.3200000000006","total-hours-worked","2188.8920000000007","total-idle-time","24213","total-misc-task-time","48945.2","total-productivity","47074.2","total-rest-time","17048.4","total-revenues","334044.2","total-tardy-time","1037","total-sales-closed","2048.2"
"KPI-EPI-lists company 1","108","false","365","30","true","0.15","false","true","false","false","366","name","Fashion2","total-customer-visits","26666","total-customers-helped","19174","total-sales-closed","8633","total-employee-revenues","1300009","ATS-for-employee-sales","150.58600718174446","total-non-employee-revenues","85852","ATS-for-non-employee-sales","82.78881388621022","total-gross-revenues","1385861","total-labor-costs","145292.39999999994","cogs","699637","total-profits","686224.2000000002","gross-margin","49.5","EPIs:","","total-earnings","29058.48000000002","total-hours-scheduled","2169.6400000000012","total-hours-worked","2152.4800000000014","total-idle-time","23066","total-misc-task-time","39904.6","total-productivity","54209","total-rest-time","16474","total-revenues","260001.8","total-tardy-time","2963.2","total-sales-closed","1726.6"
"KPI-EPI-lists company 0","109","false","365","30","true","0.15","false","true","false","false","366","name","Fashion1","total-customer-visits","26945","total-customers-helped","22999","total-sales-closed","10491","total-employee-revenues","1707323","ATS-for-employee-sales","162.7416833476313","total-non-employee-revenues","44825","ATS-for-non-employee-sales","82.39889705882354","total-gross-revenues","1752148","total-labor-costs","165272.39999999997","cogs","866132","total-profits","886016.4000000006","gross-margin","50.6","EPIs:","","total-earnings","33054.48","total-hours-scheduled","2210.219999999999","total-hours-worked","2203.631999999999","total-idle-time","24378.8","total-misc-task-time","48799.4","total-productivity","47945.2","total-rest-time","17169.2","total-revenues","341464.6","total-tardy-time","1048.2","total-sales-closed","2098.2"
"KPI-EPI-lists company 1","109","false","365","30","true","0.15","false","true","false","false","366","name","Fashion2","total-customer-visits","26925","total-customers-helped","19343","total-sales-closed","8754","total-employee-revenues","1311747","ATS-for-employee-sales","149.8454420836189","total-non-employee-revenues","83542","ATS-for-non-employee-sales","82.87896825396825","total-gross-revenues","1395289","total-labor-costs","147331.035","cogs","705447","total-profits","689842.3649999996","gross-margin","49.4","EPIs:","","total-earnings","29466.207000000017","total-hours-scheduled","2200.54","total-hours-worked","2182.682","total-idle-time","23577.2","total-misc-task-time","39360.8","total-productivity","55833.2","total-rest-time","16852.2","total-revenues","262349.4","total-tardy-time","3124.6","total-sales-closed","1750.8"
"KPI-EPI-lists company 0","110","false","365","30","true","0.15","false","true","false","false","366","name","Fashion1","total-customer-visits","27156","total-customers-helped","22569","total-sales-closed","10127","total-employee-revenues","1636249","ATS-for-employee-sales","161.57292386689048","total-non-employee-revenues","52971","ATS-for-non-employee-sales","82.2531055900621","total-gross-revenues","1689220","total-labor-costs","165365.70000000004","cogs","841054","total-profits","848166.2999999999","gross-margin","50.2","EPIs:","","total-earnings","33073.14","total-hours-scheduled","2212.1800000000003","total-hours-worked","2204.8759999999997","total-idle-time","24071.4","total-misc-task-time","48290","total-productivity","48726.6","total-rest-time","16997.4","total-revenues","327249.8","total-tardy-time","1146.8","total-sales-closed","2025.4"
"KPI-EPI-lists company 1","110","false","365","30","true","0.15","false","true","false","false","366","name","Fashion2","total-customer-visits","27240","total-customers-helped","19488","total-sales-closed","8744","total-employee-revenues","1310693","ATS-for-employee-sales","149.8962717291857","total-non-employee-revenues","94941","ATS-for-non-employee-sales","82.12889273356402","total-gross-revenues","1405634","total-labor-costs","144917.10000000006","cogs","707171","total-profits","698463.2999999999","gross-margin","49.7","EPIs:","","total-earnings","28983.420000000024","total-hours-scheduled","2165.5","total-hours-worked","2146.9199999999996","total-idle-time","22811.4","total-misc-task-time","37953.4","total-productivity","55801.4","total-rest-time","16611.8","total-revenues","262138.6","total-tardy-time","2830","total-sales-closed","1748.8"
"KPI-EPI-lists company 0","111","false","365","30","true","0.2","false","true","false","false","366","name","Fashion1","total-customer-visits","27089","total-customers-helped","22838","total-sales-closed","10245","total-employee-revenues","1662453","ATS-for-employee-sales","162.2696925329429","total-non-employee-revenues","49592","ATS-for-non-employee-sales","83.62900505902192","total-gross-revenues","1712045","total-labor-costs","164786.25000000006","cogs","849604","total-profits","862440.7500000003","gross-margin","50.4","EPIs:","","total-earnings","32957.25000000001","total-hours-scheduled","2204.34","total-hours-worked","2197.15","total-idle-time","24227.2","total-misc-task-time","48118.8","total-productivity","48375.6","total-rest-time","17025.2","total-revenues","332490.6","total-tardy-time","1060","total-sales-closed","2049"
"KPI-EPI-lists company 1","111","false","365","30","true","0.2","false","true","false","false","366","name","Fashion2","total-customer-visits","27113","total-customers-helped","18481","total-sales-closed","8294","total-employee-revenues","1225976","ATS-for-employee-sales","147.8148058837714","total-non-employee-revenues","98892","ATS-for-non-employee-sales","82.06804979253113","total-gross-revenues","1324868","total-labor-costs","146479.3199999999","cogs","676427","total-profits","648441.48","gross-margin","48.9","EPIs:","","total-earnings","29295.864","total-hours-scheduled","2188.379999999999","total-hours-worked","2170.064","total-idle-time","23623.2","total-misc-task-time","37937.4","total-productivity","56229.6","total-rest-time","16914.4","total-revenues","245195.2","total-tardy-time","3295.8","total-sales-closed","1658.8"
"KPI-EPI-lists company 0","112","false","365","30","true","0.2","false","true","false","false","366","name","Fashion1","total-customer-visits","26940","total-customers-helped","22798","total-sales-closed","10240","total-employee-revenues","1660406","ATS-for-employee-sales","162.1490234375","total-non-employee-revenues","48157","ATS-for-non-employee-sales","83.60590277777777","total-gross-revenues","1708563","total-labor-costs","163995.75000000012","cogs","847421","total-profits","861142.05","gross-margin","50.4","EPIs:","","total-earnings","32799.15","total-hours-scheduled","2193.0399999999995","total-hours-worked","2186.6099999999997","total-idle-time","24417","total-misc-task-time","47900.2","total-productivity","47753.6","total-rest-time","17151.8","total-revenues","332081.2","total-tardy-time","1029","total-sales-closed","2048"
"KPI-EPI-lists company 1","112","false","365","30","true","0.2","false","true","false","false","366","name","Fashion2","total-customer-visits","26877","total-customers-helped","18893","total-sales-closed","8545","total-employee-revenues","1263819","ATS-for-employee-sales","147.90157987126975","total-non-employee-revenues","92436","ATS-for-non-employee-sales","82.53214285714286","total-gross-revenues","1356255","total-labor-costs","146550.05999999994","cogs","689052","total-profits","667202.9400000001","gross-margin","49.2","EPIs:","","total-earnings","29310.012","total-hours-scheduled","2191.02","total-hours-worked","2171.1119999999996","total-idle-time","23416","total-misc-task-time","38168","total-productivity","56373.4","total-rest-time","16783.2","total-revenues","252763.8","total-tardy-time","3274.8","total-sales-closed","1709"
"KPI-EPI-lists company 0","113","false","365","30","true","0.2","false","true","false","false","366","name","Fashion1","total-customer-visits","26730","total-customers-helped","22677","total-sales-closed","10179","total-employee-revenues","1657595","ATS-for-employee-sales","162.844581982513","total-non-employee-revenues","43548","ATS-for-non-employee-sales","82.01129943502825","total-gross-revenues","1701143","total-labor-costs","164814.90000000002","cogs","845272","total-profits","855870.9","gross-margin","50.3","EPIs:","","total-earnings","32962.98","total-hours-scheduled","2205.3999999999996","total-hours-worked","2197.532","total-idle-time","24388.8","total-misc-task-time","48650.4","total-productivity","47652","total-rest-time","17184.8","total-revenues","331519","total-tardy-time","1097.4","total-sales-closed","2035.8"
"KPI-EPI-lists company 1","113","false","365","30","true","0.2","false","true","false","false","366","name","Fashion2","total-customer-visits","27231","total-customers-helped","18363","total-sales-closed","8208","total-employee-revenues","1198328","ATS-for-employee-sales","145.99512670565304","total-non-employee-revenues","100082","ATS-for-non-employee-sales","83.19368246051538","total-gross-revenues","1298410","total-labor-costs","146286.40499999997","cogs","665650","total-profits","632759.5949999997","gross-margin","48.7","EPIs:","","total-earnings","29257.281000000006","total-hours-scheduled","2191.5","total-hours-worked","2167.2059999999997","total-idle-time","23109","total-misc-task-time","36985.6","total-productivity","57214.8","total-rest-time","16948","total-revenues","239665.6","total-tardy-time","3798","total-sales-closed","1641.6"
"KPI-EPI-lists company 0","114","false","365","30","true","0.2","false","true","false","false","366","name","Fashion1","total-customer-visits","27084","total-customers-helped","22970","total-sales-closed","10264","total-employee-revenues","1673366","ATS-for-employee-sales","163.0325409197194","total-non-employee-revenues","43926","ATS-for-non-employee-sales","82.41275797373358","total-gross-revenues","1717292","total-labor-costs","163465.94999999992","cogs","850383","total-profits","866909.2500000001","gross-margin","50.5","EPIs:","","total-earnings","32693.19000000001","total-hours-scheduled","2186.62","total-hours-worked","2179.546","total-idle-time","24084","total-misc-task-time","47693.6","total-productivity","47891","total-rest-time","17003","total-revenues","334673.2","total-tardy-time","1052.6","total-sales-closed","2052.8"
"KPI-EPI-lists company 1","114","false","365","30","true","0.2","false","true","false","false","366","name","Fashion2","total-customer-visits","26905","total-customers-helped","18133","total-sales-closed","8161","total-employee-revenues","1188594","ATS-for-employee-sales","145.6431809827227","total-non-employee-revenues","103016","ATS-for-non-employee-sales","82.81028938906752","total-gross-revenues","1291610","total-labor-costs","147069.40499999988","cogs","663713","total-profits","627896.595","gross-margin","48.6","EPIs:","","total-earnings","29413.881000000005","total-hours-scheduled","2203.66","total-hours-worked","2178.8059999999996","total-idle-time","23866","total-misc-task-time","37474.6","total-productivity","56834.8","total-rest-time","17043.4","total-revenues","237718.8","total-tardy-time","3798.4","total-sales-closed","1632.2"
"KPI-EPI-lists company 0","115","false","365","30","true","0.2","false","true","false","false","366","name","Fashion1","total-customer-visits","27169","total-customers-helped","23102","total-sales-closed","10450","total-employee-revenues","1700171","ATS-for-employee-sales","162.69578947368421","total-non-employee-revenues","47287","ATS-for-non-employee-sales","82.38153310104529","total-gross-revenues","1747458","total-labor-costs","164126.10000000006","cogs","863109","total-profits","884348.6999999998","gross-margin","50.6","EPIs:","","total-earnings","32825.22000000001","total-hours-scheduled","2195.44","total-hours-worked","2188.348000000001","total-idle-time","24230.2","total-misc-task-time","47528.6","total-productivity","48346","total-rest-time","17208.2","total-revenues","340034.2","total-tardy-time","1039.4","total-sales-closed","2090"
"KPI-EPI-lists company 1","115","false","365","30","true","0.2","false","true","false","false","366","name","Fashion2","total-customer-visits","27189","total-customers-helped","18171","total-sales-closed","8092","total-employee-revenues","1179196","ATS-for-employee-sales","145.72367770637666","total-non-employee-revenues","106815","ATS-for-non-employee-sales","82.67414860681114","total-gross-revenues","1286011","total-labor-costs","146357.955","cogs","660762","total-profits","625248.6450000003","gross-margin","48.6","EPIs:","","total-earnings","29271.591000000004","total-hours-scheduled","2194.1400000000003","total-hours-worked","2168.2660000000005","total-idle-time","23465.8","total-misc-task-time","36304.6","total-productivity","57545.2","total-rest-time","17061.4","total-revenues","235839.2","total-tardy-time","4119","total-sales-closed","1618.4"
"KPI-EPI-lists company 0","116","false","365","30","true","0.2","false","true","false","false","366","name","Fashion1","total-customer-visits","27046","total-customers-helped","22637","total-sales-closed","10311","total-employee-revenues","1663805","ATS-for-employee-sales","161.36213752303365","total-non-employee-revenues","55126","ATS-for-non-employee-sales","83.14630467571644","total-gross-revenues","1718931","total-labor-costs","164800.20000000004","cogs","852373","total-profits","866558.3999999998","gross-margin","50.4","EPIs:","","total-earnings","32960.04","total-hours-scheduled","2205.4399999999996","total-hours-worked","2197.3359999999993","total-idle-time","23808.2","total-misc-task-time","47410.8","total-productivity","49364","total-rest-time","16890.2","total-revenues","332761","total-tardy-time","1211.8","total-sales-closed","2062.2"
"KPI-EPI-lists company 1","116","false","365","30","true","0.2","false","true","false","false","366","name","Fashion2","total-customer-visits","26870","total-customers-helped","18414","total-sales-closed","8268","total-employee-revenues","1210069","ATS-for-employee-sales","146.35570875665215","total-non-employee-revenues","100574","ATS-for-non-employee-sales","81.43643724696356","total-gross-revenues","1310643","total-labor-costs","146475.94499999986","cogs","670733","total-profits","639909.8549999994","gross-margin","48.8","EPIs:","","total-earnings","29295.189000000013","total-hours-scheduled","2191.2400000000002","total-hours-worked","2170.014","total-idle-time","23364","total-misc-task-time","37586.8","total-productivity","56688.8","total-rest-time","16937.2","total-revenues","242013.8","total-tardy-time","3313.8","total-sales-closed","1653.6"
"KPI-EPI-lists company 0","117","false","365","30","true","0.2","false","true","false","false","366","name","Fashion1","total-customer-visits","26934","total-customers-helped","22815","total-sales-closed","10236","total-employee-revenues","1666035","ATS-for-employee-sales","162.76230949589683","total-non-employee-revenues","45458","ATS-for-non-employee-sales","81.61220825852783","total-gross-revenues","1711493","total-labor-costs","164693.84999999995","cogs","849291","total-profits","862201.9500000002","gross-margin","50.4","EPIs:","","total-earnings","32938.770000000004","total-hours-scheduled","2202.500000000001","total-hours-worked","2195.9180000000006","total-idle-time","24147","total-misc-task-time","48996.8","total-productivity","47410.2","total-rest-time","17136.8","total-revenues","333207","total-tardy-time","1111","total-sales-closed","2047.2"
"KPI-EPI-lists company 1","117","false","365","30","true","0.2","false","true","false","false","366","name","Fashion2","total-customer-visits","27060","total-customers-helped","18647","total-sales-closed","8403","total-employee-revenues","1236327","ATS-for-employee-sales","147.12923955730096","total-non-employee-revenues","95727","ATS-for-non-employee-sales","81.19338422391857","total-gross-revenues","1332054","total-labor-costs","145509.61500000002","cogs","678331","total-profits","653722.7849999998","gross-margin","49.1","EPIs:","","total-earnings","29101.92300000001","total-hours-scheduled","2177.36","total-hours-worked","2155.698000000001","total-idle-time","23397.2","total-misc-task-time","36738.4","total-productivity","56804.6","total-rest-time","16797","total-revenues","247265.4","total-tardy-time","3368.4","total-sales-closed","1680.6"
"KPI-EPI-lists company 0","118","false","365","30","true","0.2","false","true","false","false","366","name","Fashion1","total-customer-visits","26885","total-customers-helped","22727","total-sales-closed","10365","total-employee-revenues","1681710","ATS-for-employee-sales","162.24891461649784","total-non-employee-revenues","44474","ATS-for-non-employee-sales","82.8193668528864","total-gross-revenues","1726184","total-labor-costs","164240.09999999995","cogs","854714","total-profits","871470.2999999999","gross-margin","50.5","EPIs:","","total-earnings","32848.020000000004","total-hours-scheduled","2195.78","total-hours-worked","2189.868","total-idle-time","23945.8","total-misc-task-time","48714.2","total-productivity","47575.6","total-rest-time","17027","total-revenues","336342","total-tardy-time","952.8","total-sales-closed","2073"
"KPI-EPI-lists company 1","118","false","365","30","true","0.2","false","true","false","false","366","name","Fashion2","total-customer-visits","26552","total-customers-helped","17944","total-sales-closed","8004","total-employee-revenues","1163881","ATS-for-employee-sales","145.4124187906047","total-non-employee-revenues","96657","ATS-for-non-employee-sales","81.70498732037194","total-gross-revenues","1260538","total-labor-costs","146730.69000000012","cogs","650946","total-profits","609592.11","gross-margin","48.4","EPIs:","","total-earnings","29346.138000000024","total-hours-scheduled","2197.64","total-hours-worked","2173.788","total-idle-time","23716.6","total-misc-task-time","38159.8","total-productivity","56071.6","total-rest-time","16981.4","total-revenues","232776.2","total-tardy-time","3799","total-sales-closed","1600.8"
"KPI-EPI-lists company 0","119","false","365","30","true","0.2","false","true","false","false","366","name","Fashion1","total-customer-visits","27322","total-customers-helped","23090","total-sales-closed","10311","total-employee-revenues","1674359","ATS-for-employee-sales","162.38570458733392","total-non-employee-revenues","49207","ATS-for-non-employee-sales","82.56208053691275","total-gross-revenues","1723566","total-labor-costs","162359.8500000001","cogs","851786","total-profits","871779.7499999994","gross-margin","50.6","EPIs:","","total-earnings","32471.97000000001","total-hours-scheduled","2171.5","total-hours-worked","2164.7980000000002","total-idle-time","23636","total-misc-task-time","46503.6","total-productivity","48462.8","total-rest-time","16929.8","total-revenues","334871.8","total-tardy-time","1076.6","total-sales-closed","2062.2"
"KPI-EPI-lists company 1","119","false","365","30","true","0.2","false","true","false","false","366","name","Fashion2","total-customer-visits","26986","total-customers-helped","18263","total-sales-closed","8262","total-employee-revenues","1203084","ATS-for-employee-sales","145.6165577342048","total-non-employee-revenues","99548","ATS-for-non-employee-sales","82.54394693200663","total-gross-revenues","1302632","total-labor-costs","144225.7650000001","cogs","665279","total-profits","637353.4349999999","gross-margin","48.9","EPIs:","","total-earnings","28845.153000000013","total-hours-scheduled","2159.82","total-hours-worked","2136.678000000001","total-idle-time","23385.4","total-misc-task-time","35947.6","total-productivity","56518.8","total-rest-time","16680","total-revenues","240616.8","total-tardy-time","3506.6","total-sales-closed","1652.4"
"KPI-EPI-lists company 0","120","false","365","30","true","0.2","false","true","false","false","366","name","Fashion1","total-customer-visits","27291","total-customers-helped","22832","total-sales-closed","10338","total-employee-revenues","1668841","ATS-for-employee-sales","161.42783904043335","total-non-employee-revenues","49402","ATS-for-non-employee-sales","83.7322033898305","total-gross-revenues","1718243","total-labor-costs","164437.65000000002","cogs","851735","total-profits","866508.1499999997","gross-margin","50.4","EPIs:","","total-earnings","32887.530000000006","total-hours-scheduled","2200.1200000000003","total-hours-worked","2192.5020000000004","total-idle-time","23725.4","total-misc-task-time","46784.2","total-productivity","49781","total-rest-time","16903.2","total-revenues","333768.2","total-tardy-time","1265","total-sales-closed","2067.6"
"KPI-EPI-lists company 1","120","false","365","30","true","0.2","false","true","false","false","366","name","Fashion2","total-customer-visits","26619","total-customers-helped","17762","total-sales-closed","8034","total-employee-revenues","1163724","ATS-for-employee-sales","144.84988797610157","total-non-employee-revenues","104321","ATS-for-non-employee-sales","83.39008792965627","total-gross-revenues","1268045","total-labor-costs","145504.4850000002","cogs","652722","total-profits","615322.5149999995","gross-margin","48.5","EPIs:","","total-earnings","29100.897000000008","total-hours-scheduled","2177.64","total-hours-worked","2155.6220000000003","total-idle-time","23672.6","total-misc-task-time","37243","total-productivity","55932","total-rest-time","16890.4","total-revenues","232744.8","total-tardy-time","3593.6","total-sales-closed","1606.8"
"KPI-EPI-lists company 0","121","false","365","30","true","0.05","false","false","false","true","366","name","Fashion1","total-customer-visits","26681","total-customers-helped","22435","total-sales-closed","10082","total-employee-revenues","1628994","ATS-for-employee-sales","161.57448918865305","total-non-employee-revenues","48737","ATS-for-non-employee-sales","83.16894197952219","total-gross-revenues","1677731","total-labor-costs","163594.8000000001","cogs","834687","total-profits","843043.8000000004","gross-margin","50.2","EPIs:","","total-earnings","32718.960000000003","total-hours-scheduled","2188.5800000000004","total-hours-worked","2181.264","total-idle-time","24169.4","total-misc-task-time","47781.6","total-productivity","47999","total-rest-time","16835.2","total-revenues","325798.8","total-tardy-time","1037.8","total-sales-closed","2016.4"
"KPI-EPI-lists company 1","121","false","365","30","true","0.05","false","false","false","true","366","name","Fashion2","total-customer-visits","27033","total-customers-helped","19930","total-sales-closed","8930","total-employee-revenues","1403146","ATS-for-employee-sales","157.12721164613663","total-non-employee-revenues","78425","ATS-for-non-employee-sales","81.60770031217481","total-gross-revenues","1481571","total-labor-costs","136502.40000000002","cogs","729131","total-profits","752440.1999999997","gross-margin","50.8","EPIs:","","total-earnings","27300.480000000003","total-hours-scheduled","1829.56","total-hours-worked","1820.0320000000004","total-idle-time","17788","total-misc-task-time","33397.4","total-productivity","47948.4","total-rest-time","14107.4","total-revenues","280629.2","total-tardy-time","1649.4","total-sales-closed","1786"
"KPI-EPI-lists company 0","122","false","365","30","true","0.05","false","false","false","true","366","name","Fashion1","total-customer-visits","26824","total-customers-helped","22648","total-sales-closed","10159","total-employee-revenues","1647763","ATS-for-employee-sales","162.19736194507334","total-non-employee-revenues","50967","ATS-for-non-employee-sales","83.27941176470588","total-gross-revenues","1698730","total-labor-costs","164944.65000000005","cogs","844437","total-profits","854293.3500000004","gross-margin","50.3","EPIs:","","total-earnings","32988.93000000001","total-hours-scheduled","2206.6400000000003","total-hours-worked","2199.262","total-idle-time","24159.4","total-misc-task-time","48337.2","total-productivity","48390.8","total-rest-time","16966.2","total-revenues","329552.6","total-tardy-time","1166.6","total-sales-closed","2031.8"
"KPI-EPI-lists company 1","122","false","365","30","true","0.05","false","false","false","true","366","name","Fashion2","total-customer-visits","27158","total-customers-helped","19848","total-sales-closed","8941","total-employee-revenues","1405437","ATS-for-employee-sales","157.1901353316184","total-non-employee-revenues","84400","ATS-for-non-employee-sales","82.74509803921569","total-gross-revenues","1489837","total-labor-costs","137321.24999999994","cogs","733256","total-profits","756580.9499999998","gross-margin","50.8","EPIs:","","total-earnings","27464.250000000007","total-hours-scheduled","1840.08","total-hours-worked","1830.9499999999996","total-idle-time","17799.2","total-misc-task-time","33664.2","total-productivity","48252.2","total-rest-time","14148.8","total-revenues","281087.4","total-tardy-time","1640.2","total-sales-closed","1788.2"
"KPI-EPI-lists company 0","123","false","365","30","true","0.05","false","false","false","true","366","name","Fashion1","total-customer-visits","26745","total-customers-helped","22680","total-sales-closed","10119","total-employee-revenues","1645011","ATS-for-employee-sales","162.56655796027275","total-non-employee-revenues","46049","ATS-for-non-employee-sales","81.93772241992883","total-gross-revenues","1691060","total-labor-costs","164132.4","cogs","840556","total-profits","850503.599999999","gross-margin","50.3","EPIs:","","total-earnings","32826.48","total-hours-scheduled","2193.8","total-hours-worked","2188.432","total-idle-time","24229.8","total-misc-task-time","48137.4","total-productivity","47873.4","total-rest-time","16993.8","total-revenues","329002.2","total-tardy-time","941","total-sales-closed","2023.8"
"KPI-EPI-lists company 1","123","false","365","30","true","0.05","false","false","false","true","366","name","Fashion2","total-customer-visits","27088","total-customers-helped","19915","total-sales-closed","8971","total-employee-revenues","1419758","ATS-for-employee-sales","158.26084048601047","total-non-employee-revenues","80829","ATS-for-non-employee-sales","82.39449541284404","total-gross-revenues","1500587","total-labor-costs","134860.05","cogs","735095","total-profits","765492.1500000005","gross-margin","51","EPIs:","","total-earnings","26972.010000000002","total-hours-scheduled","1806.8399999999997","total-hours-worked","1798.1339999999996","total-idle-time","17398.8","total-misc-task-time","33530.8","total-productivity","47027.2","total-rest-time","13906.6","total-revenues","283951.6","total-tardy-time","1398.4","total-sales-closed","1794.2"
"KPI-EPI-lists company 0","124","false","365","30","true","0.05","false","false","false","true","366","name","Fashion1","total-customer-visits","26708","total-customers-helped","22612","total-sales-closed","10247","total-employee-revenues","1668593","ATS-for-employee-sales","162.83722064994632","total-non-employee-revenues","46012","ATS-for-non-employee-sales","81.58156028368795","total-gross-revenues","1714605","total-labor-costs","163408.5","cogs","849251","total-profits","865354.4999999999","gross-margin","50.5","EPIs:","","total-earnings","32681.700000000004","total-hours-scheduled","2184.86","total-hours-worked","2178.78","total-idle-time","24155.8","total-misc-task-time","48305.4","total-productivity","47257","total-rest-time","16967.4","total-revenues","333718.6","total-tardy-time","907.4","total-sales-closed","2049.4"
"KPI-EPI-lists company 1","124","false","365","30","true","0.05","false","false","false","true","366","name","Fashion2","total-customer-visits","26892","total-customers-helped","20038","total-sales-closed","8975","total-employee-revenues","1424400","ATS-for-employee-sales","158.7075208913649","total-non-employee-revenues","79190","ATS-for-non-employee-sales","82.74817136886102","total-gross-revenues","1503590","total-labor-costs","135270.14999999997","cogs","736706","total-profits","766883.8499999992","gross-margin","51","EPIs:","","total-earnings","27054.030000000006","total-hours-scheduled","1811.4999999999995","total-hours-worked","1803.6019999999996","total-idle-time","17526.4","total-misc-task-time","34838","total-productivity","45940.4","total-rest-time","13997.2","total-revenues","284880","total-tardy-time","1510.6","total-sales-closed","1795"
"KPI-EPI-lists company 0","125","false","365","30","true","0.05","false","false","false","true","366","name","Fashion1","total-customer-visits","27102","total-customers-helped","22699","total-sales-closed","10063","total-employee-revenues","1634046","ATS-for-employee-sales","162.38159594554307","total-non-employee-revenues","53171","ATS-for-non-employee-sales","82.8208722741433","total-gross-revenues","1687217","total-labor-costs","163183.04999999993","cogs","838070","total-profits","849147.1499999998","gross-margin","50.3","EPIs:","","total-earnings","32636.610000000004","total-hours-scheduled","2182.2599999999998","total-hours-worked","2175.774","total-idle-time","23745","total-misc-task-time","47411","total-productivity","48311.6","total-rest-time","16796.4","total-revenues","326809.2","total-tardy-time","1093.6","total-sales-closed","2012.6"
"KPI-EPI-lists company 1","125","false","365","30","true","0.05","false","false","false","true","366","name","Fashion2","total-customer-visits","26888","total-customers-helped","20199","total-sales-closed","9078","total-employee-revenues","1441187","ATS-for-employee-sales","158.7560035250055","total-non-employee-revenues","76654","ATS-for-non-employee-sales","83.77486338797814","total-gross-revenues","1517841","total-labor-costs","138569.0999999999","cogs","745705","total-profits","772135.5000000001","gross-margin","50.9","EPIs:","","total-earnings","27713.820000000007","total-hours-scheduled","1857","total-hours-worked","1847.5880000000002","total-idle-time","17848.4","total-misc-task-time","35352.2","total-productivity","47349","total-rest-time","14358.6","total-revenues","288237.4","total-tardy-time","1627.6","total-sales-closed","1815.6"
"KPI-EPI-lists company 0","126","false","365","30","true","0.05","false","false","false","true","366","name","Fashion1","total-customer-visits","26865","total-customers-helped","22642","total-sales-closed","10315","total-employee-revenues","1673601","ATS-for-employee-sales","162.2492486669898","total-non-employee-revenues","52048","ATS-for-non-employee-sales","82.87898089171975","total-gross-revenues","1725649","total-labor-costs","162214.95000000007","cogs","852475","total-profits","873174.4499999998","gross-margin","50.6","EPIs:","","total-earnings","32442.99000000001","total-hours-scheduled","2169.1400000000003","total-hours-worked","2162.8660000000004","total-idle-time","23891","total-misc-task-time","46645.6","total-productivity","48213.6","total-rest-time","16767.6","total-revenues","334720.2","total-tardy-time","1028.6","total-sales-closed","2063"
"KPI-EPI-lists company 1","126","false","365","30","true","0.05","false","false","false","true","366","name","Fashion2","total-customer-visits","27088","total-customers-helped","19887","total-sales-closed","8966","total-employee-revenues","1410746","ATS-for-employee-sales","157.3439660941334","total-non-employee-revenues","89694","ATS-for-non-employee-sales","82.28807339449541","total-gross-revenues","1500440","total-labor-costs","136405.64999999997","cogs","736582","total-profits","763858.3500000001","gross-margin","50.9","EPIs:","","total-earnings","27281.130000000005","total-hours-scheduled","1828.7599999999998","total-hours-worked","1818.7419999999995","total-idle-time","17534.8","total-misc-task-time","33354","total-productivity","48122.2","total-rest-time","14079.6","total-revenues","282149.2","total-tardy-time","1772.4","total-sales-closed","1793.2"
"KPI-EPI-lists company 0","127","false","365","30","true","0.05","false","false","false","true","366","name","Fashion1","total-customer-visits","26897","total-customers-helped","22686","total-sales-closed","10352","total-employee-revenues","1676170","ATS-for-employee-sales","161.91750386398763","total-non-employee-revenues","49410","ATS-for-non-employee-sales","83.04201680672269","total-gross-revenues","1725580","total-labor-costs","164872.19999999998","cogs","855104","total-profits","870475.8000000011","gross-margin","50.4","EPIs:","","total-earnings","32974.44","total-hours-scheduled","2205.4800000000005","total-hours-worked","2198.2960000000003","total-idle-time","24072.6","total-misc-task-time","48334.8","total-productivity","48358.6","total-rest-time","16997.8","total-revenues","335234","total-tardy-time","1167","total-sales-closed","2070.4"
"KPI-EPI-lists company 1","127","false","365","30","true","0.05","false","false","false","true","366","name","Fashion2","total-customer-visits","27046","total-customers-helped","20721","total-sales-closed","9357","total-employee-revenues","1496017","ATS-for-employee-sales","159.8821203377151","total-non-employee-revenues","70339","ATS-for-non-employee-sales","82.75176470588235","total-gross-revenues","1566356","total-labor-costs","137128.64999999997","cogs","763671","total-profits","802684.9499999991","gross-margin","51.2","EPIs:","","total-earnings","27425.730000000003","total-hours-scheduled","1836.5799999999995","total-hours-worked","1828.3819999999996","total-idle-time","17682.2","total-misc-task-time","35088","total-productivity","46826.4","total-rest-time","14234.8","total-revenues","299203.4","total-tardy-time","1435.4","total-sales-closed","1871.4"
"KPI-EPI-lists company 0","128","false","365","30","true","0.05","false","false","false","true","366","name","Fashion1","total-customer-visits","26851","total-customers-helped","22587","total-sales-closed","10201","total-employee-revenues","1645807","ATS-for-employee-sales","161.33781001862562","total-non-employee-revenues","46635","ATS-for-non-employee-sales","82.39399293286219","total-gross-revenues","1692442","total-labor-costs","165262.94999999995","cogs","842240","total-profits","850202.2499999999","gross-margin","50.2","EPIs:","","total-earnings","33052.590000000004","total-hours-scheduled","2211.7200000000003","total-hours-worked","2203.5060000000003","total-idle-time","24248.6","total-misc-task-time","48129.6","total-productivity","48670.6","total-rest-time","17044.8","total-revenues","329161.4","total-tardy-time","1193.8","total-sales-closed","2040.2"
"KPI-EPI-lists company 1","128","false","365","30","true","0.05","false","false","false","true","366","name","Fashion2","total-customer-visits","26749","total-customers-helped","19686","total-sales-closed","8766","total-employee-revenues","1376192","ATS-for-employee-sales","156.99201460187086","total-non-employee-revenues","81562","ATS-for-non-employee-sales","83.2265306122449","total-gross-revenues","1457754","total-labor-costs","138088.34999999995","cogs","721190","total-profits","736564.0500000005","gross-margin","50.5","EPIs:","","total-earnings","27617.670000000002","total-hours-scheduled","1850.3199999999993","total-hours-worked","1841.1779999999994","total-idle-time","17983.2","total-misc-task-time","34613","total-productivity","47657.8","total-rest-time","14282.4","total-revenues","275238.4","total-tardy-time","1777.4","total-sales-closed","1753.2"
"KPI-EPI-lists company 0","129","false","365","30","true","0.05","false","false","false","true","366","name","Fashion1","total-customer-visits","26885","total-customers-helped","22489","total-sales-closed","10221","total-employee-revenues","1649875","ATS-for-employee-sales","161.42011544858624","total-non-employee-revenues","47086","ATS-for-non-employee-sales","82.31818181818181","total-gross-revenues","1696961","total-labor-costs","163236.9000000001","cogs","842021","total-profits","854939.7000000005","gross-margin","50.4","EPIs:","","total-earnings","32647.380000000005","total-hours-scheduled","2184.3399999999992","total-hours-worked","2176.4919999999993","total-idle-time","23783","total-misc-task-time","47409.4","total-productivity","48337.2","total-rest-time","16751.6","total-revenues","329975","total-tardy-time","1103.4","total-sales-closed","2044.2"
"KPI-EPI-lists company 1","129","false","365","30","true","0.05","false","false","false","true","366","name","Fashion2","total-customer-visits","26879","total-customers-helped","19787","total-sales-closed","8826","total-employee-revenues","1389739","ATS-for-employee-sales","157.45966462723771","total-non-employee-revenues","85818","ATS-for-non-employee-sales","82.67630057803468","total-gross-revenues","1475557","total-labor-costs","135287.84999999992","cogs","725511","total-profits","750046.3499999999","gross-margin","50.8","EPIs:","","total-earnings","27057.57","total-hours-scheduled","1812.0399999999997","total-hours-worked","1803.8379999999997","total-idle-time","17451","total-misc-task-time","33808.2","total-productivity","46979","total-rest-time","13969.2","total-revenues","277947.8","total-tardy-time","1541","total-sales-closed","1765.2"
"KPI-EPI-lists company 0","130","false","365","30","true","0.05","false","false","false","true","366","name","Fashion1","total-customer-visits","26749","total-customers-helped","22877","total-sales-closed","10470","total-employee-revenues","1707359","ATS-for-employee-sales","163.07153772683859","total-non-employee-revenues","47385","ATS-for-non-employee-sales","83.86725663716814","total-gross-revenues","1754744","total-labor-costs","164700.29999999993","cogs","866598","total-profits","888146.1000000001","gross-margin","50.6","EPIs:","","total-earnings","32940.06","total-hours-scheduled","2202.0000000000005","total-hours-worked","2196.004","total-idle-time","24043","total-misc-task-time","49381","total-productivity","47085.4","total-rest-time","17198.8","total-revenues","341471.8","total-tardy-time","912.2","total-sales-closed","2094"
"KPI-EPI-lists company 1","130","false","365","30","true","0.05","false","false","false","true","366","name","Fashion2","total-customer-visits","26934","total-customers-helped","20184","total-sales-closed","9050","total-employee-revenues","1426381","ATS-for-employee-sales","157.61116022099446","total-non-employee-revenues","77920","ATS-for-non-employee-sales","82.54237288135593","total-gross-revenues","1504301","total-labor-costs","136483.35","cogs","738204","total-profits","766097.2499999999","gross-margin","50.9","EPIs:","","total-earnings","27296.670000000002","total-hours-scheduled","1828.6","total-hours-worked","1819.7780000000002","total-idle-time","17649.6","total-misc-task-time","34001.6","total-productivity","47502.4","total-rest-time","14107.2","total-revenues","285276.2","total-tardy-time","1543.2","total-sales-closed","1810"
"KPI-EPI-lists company 0","131","false","365","30","true","0.1","false","false","false","true","366","name","Fashion1","total-customer-visits","26690","total-customers-helped","22405","total-sales-closed","10067","total-employee-revenues","1620513","ATS-for-employee-sales","160.97278235820005","total-non-employee-revenues","48345","ATS-for-non-employee-sales","81.38888888888889","total-gross-revenues","1668858","total-labor-costs","164189.40000000002","cogs","831733","total-profits","837125.3999999997","gross-margin","50.2","EPIs:","","total-earnings","32837.880000000005","total-hours-scheduled","2196.9799999999996","total-hours-worked","2189.192","total-idle-time","23897","total-misc-task-time","48170.6","total-productivity","48179","total-rest-time","16875.4","total-revenues","324102.6","total-tardy-time","1077.8","total-sales-closed","2013.4"
"KPI-EPI-lists company 1","131","false","365","30","true","0.1","false","false","false","true","366","name","Fashion2","total-customer-visits","27194","total-customers-helped","18717","total-sales-closed","8360","total-employee-revenues","1285586","ATS-for-employee-sales","153.77822966507176","total-non-employee-revenues","93523","ATS-for-non-employee-sales","82.03771929824562","total-gross-revenues","1379109","total-labor-costs","134853.29999999993","cogs","686497","total-profits","692612.1000000002","gross-margin","50.2","EPIs:","","total-earnings","26970.660000000003","total-hours-scheduled","1810.8200000000004","total-hours-worked","1798.0440000000006","total-idle-time","17557.4","total-misc-task-time","31232","total-productivity","48900.4","total-rest-time","13961","total-revenues","257117.2","total-tardy-time","2397.8","total-sales-closed","1672"
"KPI-EPI-lists company 0","132","false","365","30","true","0.1","false","false","false","true","366","name","Fashion1","total-customer-visits","26586","total-customers-helped","22415","total-sales-closed","10052","total-employee-revenues","1626584","ATS-for-employee-sales","161.81695185037805","total-non-employee-revenues","45040","ATS-for-non-employee-sales","82.4908424908425","total-gross-revenues","1671624","total-labor-costs","164816.1","cogs","833466","total-profits","838158.3000000002","gross-margin","50.1","EPIs:","","total-earnings","32963.22000000001","total-hours-scheduled","2204.299999999999","total-hours-worked","2197.547999999999","total-idle-time","24231","total-misc-task-time","48989","total-productivity","47589.6","total-rest-time","16970.2","total-revenues","325316.8","total-tardy-time","1085","total-sales-closed","2010.4"
"KPI-EPI-lists company 1","132","false","365","30","true","0.1","false","false","false","true","366","name","Fashion2","total-customer-visits","26839","total-customers-helped","18714","total-sales-closed","8468","total-employee-revenues","1302736","ATS-for-employee-sales","153.84222957014643","total-non-employee-revenues","88068","ATS-for-non-employee-sales","81.69573283858998","total-gross-revenues","1390804","total-labor-costs","136202.99999999997","cogs","692525","total-profits","698279.4","gross-margin","50.2","EPIs:","","total-earnings","27240.6","total-hours-scheduled","1829.0400000000009","total-hours-worked","1816.0400000000009","total-idle-time","17604.6","total-misc-task-time","32207.8","total-productivity","48837.2","total-rest-time","14085.6","total-revenues","260547.2","total-tardy-time","2499","total-sales-closed","1693.6"
"KPI-EPI-lists company 0","133","false","365","30","true","0.1","false","false","false","true","366","name","Fashion1","total-customer-visits","26838","total-customers-helped","22107","total-sales-closed","9972","total-employee-revenues","1597230","ATS-for-employee-sales","160.17148014440434","total-non-employee-revenues","57094","ATS-for-non-employee-sales","82.0316091954023","total-gross-revenues","1654324","total-labor-costs","162629.54999999996","cogs","824359","total-profits","829964.8499999996","gross-margin","50.2","EPIs:","","total-earnings","32525.910000000003","total-hours-scheduled","2177.3199999999997","total-hours-worked","2168.394","total-idle-time","23119.6","total-misc-task-time","46156","total-productivity","49624.4","total-rest-time","16458.2","total-revenues","319446","total-tardy-time","1408.6","total-sales-closed","1994.4"
"KPI-EPI-lists company 1","133","false","365","30","true","0.1","false","false","false","true","366","name","Fashion2","total-customer-visits","27098","total-customers-helped","18452","total-sales-closed","8278","total-employee-revenues","1266162","ATS-for-employee-sales","152.9550616090843","total-non-employee-revenues","101605","ATS-for-non-employee-sales","82.53858651502843","total-gross-revenues","1367767","total-labor-costs","136144.49999999997","cogs","683251","total-profits","684515.7","gross-margin","50","EPIs:","","total-earnings","27228.900000000005","total-hours-scheduled","1827.8000000000004","total-hours-worked","1815.2600000000002","total-idle-time","17628.4","total-misc-task-time","31208","total-productivity","49673.6","total-rest-time","14156.2","total-revenues","253232.4","total-tardy-time","2578.2","total-sales-closed","1655.6"
"KPI-EPI-lists company 0","134","false","365","30","true","0.1","false","false","false","true","366","name","Fashion1","total-customer-visits","26799","total-customers-helped","22567","total-sales-closed","10229","total-employee-revenues","1656495","ATS-for-employee-sales","161.94104995600742","total-non-employee-revenues","47674","ATS-for-non-employee-sales","82.48096885813149","total-gross-revenues","1704169","total-labor-costs","163504.65000000002","cogs","845172","total-profits","858996.7499999998","gross-margin","50.4","EPIs:","","total-earnings","32700.930000000004","total-hours-scheduled","2186.8599999999997","total-hours-worked","2180.0620000000004","total-idle-time","23920.8","total-misc-task-time","48032","total-productivity","47752.8","total-rest-time","16905.4","total-revenues","331299","total-tardy-time","1028","total-sales-closed","2045.8"
"KPI-EPI-lists company 1","134","false","365","30","true","0.1","false","false","false","true","366","name","Fashion2","total-customer-visits","27222","total-customers-helped","18599","total-sales-closed","8434","total-employee-revenues","1292285","ATS-for-employee-sales","153.22326298316338","total-non-employee-revenues","102101","ATS-for-non-employee-sales","82.40597255851493","total-gross-revenues","1394386","total-labor-costs","134402.09999999995","cogs","692157","total-profits","702229.5000000005","gross-margin","50.4","EPIs:","","total-earnings","26880.420000000002","total-hours-scheduled","1805.86","total-hours-worked","1792.0279999999998","total-idle-time","17231.6","total-misc-task-time","30625.8","total-productivity","49421.6","total-rest-time","13920.6","total-revenues","258457","total-tardy-time","2429.6","total-sales-closed","1686.8"
"KPI-EPI-lists company 0","135","false","365","30","true","0.1","false","false","false","true","366","name","Fashion1","total-customer-visits","27089","total-customers-helped","22964","total-sales-closed","10358","total-employee-revenues","1686724","ATS-for-employee-sales","162.84263371307202","total-non-employee-revenues","50134","ATS-for-non-employee-sales","81.78466557911909","total-gross-revenues","1736858","total-labor-costs","164584.05","cogs","859327","total-profits","877530.75","gross-margin","50.5","EPIs:","","total-earnings","32916.810000000005","total-hours-scheduled","2201.76","total-hours-worked","2194.454","total-idle-time","24341.2","total-misc-task-time","48537.2","total-productivity","47731.6","total-rest-time","17102.8","total-revenues","337344.8","total-tardy-time","1031.4","total-sales-closed","2071.6"
"KPI-EPI-lists company 1","135","false","365","30","true","0.1","false","false","false","true","366","name","Fashion2","total-customer-visits","26997","total-customers-helped","18741","total-sales-closed","8406","total-employee-revenues","1295399","ATS-for-employee-sales","154.10409231501308","total-non-employee-revenues","93002","ATS-for-non-employee-sales","82.44858156028369","total-gross-revenues","1388401","total-labor-costs","135018.14999999997","cogs","690379","total-profits","698022.4500000001","gross-margin","50.3","EPIs:","","total-earnings","27003.630000000005","total-hours-scheduled","1815.2400000000002","total-hours-worked","1800.2420000000002","total-idle-time","17373.6","total-misc-task-time","31307.2","total-productivity","49057.4","total-rest-time","13974.4","total-revenues","259079.8","total-tardy-time","2325.8","total-sales-closed","1681.2"
"KPI-EPI-lists company 0","136","false","365","30","true","0.1","false","false","false","true","366","name","Fashion1","total-customer-visits","26826","total-customers-helped","22592","total-sales-closed","10072","total-employee-revenues","1634215","ATS-for-employee-sales","162.2532764098491","total-non-employee-revenues","49300","ATS-for-non-employee-sales","82.57956448911223","total-gross-revenues","1683515","total-labor-costs","164146.49999999997","cogs","837553","total-profits","845962.4999999999","gross-margin","50.2","EPIs:","","total-earnings","32829.3","total-hours-scheduled","2196.219999999999","total-hours-worked","2188.6199999999994","total-idle-time","24007.6","total-misc-task-time","48116.6","total-productivity","48105.8","total-rest-time","16905","total-revenues","326843","total-tardy-time","1109.2","total-sales-closed","2014.4"
"KPI-EPI-lists company 1","136","false","365","30","true","0.1","false","false","false","true","366","name","Fashion2","total-customer-visits","27095","total-customers-helped","19467","total-sales-closed","8658","total-employee-revenues","1352443","ATS-for-employee-sales","156.2073227073227","total-non-employee-revenues","88344","ATS-for-non-employee-sales","82.56448598130841","total-gross-revenues","1440787","total-labor-costs","135191.54999999993","cogs","711506","total-profits","729280.6499999996","gross-margin","50.6","EPIs:","","total-earnings","27038.310000000005","total-hours-scheduled","1813.2400000000002","total-hours-worked","1802.5539999999996","total-idle-time","17169.2","total-misc-task-time","31988.4","total-productivity","48719.6","total-rest-time","14032.2","total-revenues","270488.6","total-tardy-time","1983.8","total-sales-closed","1731.6"
"KPI-EPI-lists company 0","137","false","365","30","true","0.1","false","false","false","true","366","name","Fashion1","total-customer-visits","26899","total-customers-helped","22741","total-sales-closed","10258","total-employee-revenues","1664483","ATS-for-employee-sales","162.26194189900565","total-non-employee-revenues","49623","ATS-for-non-employee-sales","82.15728476821192","total-gross-revenues","1714106","total-labor-costs","163734.30000000008","cogs","849377","total-profits","864729.3000000012","gross-margin","50.4","EPIs:","","total-earnings","32746.860000000004","total-hours-scheduled","2189.96","total-hours-worked","2183.1240000000003","total-idle-time","24063","total-misc-task-time","47757.4","total-productivity","48065.8","total-rest-time","16925.6","total-revenues","332896.6","total-tardy-time","990.4","total-sales-closed","2051.6"
"KPI-EPI-lists company 1","137","false","365","30","true","0.1","false","false","false","true","366","name","Fashion2","total-customer-visits","26997","total-customers-helped","19255","total-sales-closed","8682","total-employee-revenues","1347324","ATS-for-employee-sales","155.1859018659295","total-non-employee-revenues","95037","ATS-for-non-employee-sales","83.00174672489084","total-gross-revenues","1442361","total-labor-costs","138933.3","cogs","715878","total-profits","726483.2999999999","gross-margin","50.4","EPIs:","","total-earnings","27786.660000000003","total-hours-scheduled","1863.660000000001","total-hours-worked","1852.4440000000002","total-idle-time","17964.4","total-misc-task-time","33953.4","total-productivity","48879.4","total-rest-time","14321.2","total-revenues","269464.8","total-tardy-time","2153","total-sales-closed","1736.4"
"KPI-EPI-lists company 0","138","false","365","30","true","0.1","false","false","false","true","366","name","Fashion1","total-customer-visits","27135","total-customers-helped","22903","total-sales-closed","10259","total-employee-revenues","1660124","ATS-for-employee-sales","161.8212301393898","total-non-employee-revenues","50532","ATS-for-non-employee-sales","82.29967426710098","total-gross-revenues","1710656","total-labor-costs","165529.35","cogs","849792","total-profits","860864.2499999992","gross-margin","50.3","EPIs:","","total-earnings","33105.87000000001","total-hours-scheduled","2214.66","total-hours-worked","2207.058","total-idle-time","24011.2","total-misc-task-time","48300.4","total-productivity","48826.6","total-rest-time","17114.8","total-revenues","332024.8","total-tardy-time","1124.2","total-sales-closed","2051.8"
"KPI-EPI-lists company 1","138","false","365","30","true","0.1","false","false","false","true","366","name","Fashion2","total-customer-visits","26741","total-customers-helped","18435","total-sales-closed","8276","total-employee-revenues","1267752","ATS-for-employee-sales","153.18414693088448","total-non-employee-revenues","91096","ATS-for-non-employee-sales","82.36528028933093","total-gross-revenues","1358848","total-labor-costs","135945.4499999999","cogs","679485","total-profits","679363.3499999996","gross-margin","50","EPIs:","","total-earnings","27189.090000000004","total-hours-scheduled","1823.56","total-hours-worked","1812.6060000000002","total-idle-time","17706.2","total-misc-task-time","31959.2","total-productivity","48733.2","total-rest-time","14141.6","total-revenues","253550.4","total-tardy-time","2329.8","total-sales-closed","1655.2"
"KPI-EPI-lists company 0","139","false","365","30","true","0.1","false","false","false","true","366","name","Fashion1","total-customer-visits","26847","total-customers-helped","22758","total-sales-closed","10287","total-employee-revenues","1667937","ATS-for-employee-sales","162.14027413240012","total-non-employee-revenues","49034","ATS-for-non-employee-sales","81.85976627712854","total-gross-revenues","1716971","total-labor-costs","164828.39999999997","cogs","851617","total-profits","865354.2000000002","gross-margin","50.4","EPIs:","","total-earnings","32965.68000000001","total-hours-scheduled","2205.0399999999995","total-hours-worked","2197.711999999999","total-idle-time","23951.6","total-misc-task-time","48339.8","total-productivity","48272.6","total-rest-time","17085.6","total-revenues","333587.4","total-tardy-time","1151.2","total-sales-closed","2057.4"
"KPI-EPI-lists company 1","139","false","365","30","true","0.1","false","false","false","true","366","name","Fashion2","total-customer-visits","26969","total-customers-helped","18793","total-sales-closed","8405","total-employee-revenues","1294659","ATS-for-employee-sales","154.03438429506247","total-non-employee-revenues","96281","ATS-for-non-employee-sales","82.50299914310197","total-gross-revenues","1390940","total-labor-costs","138437.24999999994","cogs","694813","total-profits","696126.7499999999","gross-margin","50","EPIs:","","total-earnings","27687.450000000004","total-hours-scheduled","1859.0200000000004","total-hours-worked","1845.8300000000004","total-idle-time","17913.4","total-misc-task-time","32662.2","total-productivity","49674.4","total-rest-time","14362.8","total-revenues","258931.8","total-tardy-time","2305.8","total-sales-closed","1681"
"KPI-EPI-lists company 0","140","false","365","30","true","0.1","false","false","false","true","366","name","Fashion1","total-customer-visits","27052","total-customers-helped","22607","total-sales-closed","10024","total-employee-revenues","1625059","ATS-for-employee-sales","162.1168196328811","total-non-employee-revenues","49321","ATS-for-non-employee-sales","82.0648918469218","total-gross-revenues","1674380","total-labor-costs","163267.05000000008","cogs","833019","total-profits","841360.9499999996","gross-margin","50.2","EPIs:","","total-earnings","32653.410000000003","total-hours-scheduled","2184.3600000000006","total-hours-worked","2176.8940000000007","total-idle-time","23713.8","total-misc-task-time","47432.6","total-productivity","48368.8","total-rest-time","16778.8","total-revenues","325011.8","total-tardy-time","1149.8","total-sales-closed","2004.8"
"KPI-EPI-lists company 1","140","false","365","30","true","0.1","false","false","false","true","366","name","Fashion2","total-customer-visits","26865","total-customers-helped","18347","total-sales-closed","8239","total-employee-revenues","1260901","ATS-for-employee-sales","153.04053890035198","total-non-employee-revenues","95928","ATS-for-non-employee-sales","82.41237113402062","total-gross-revenues","1356829","total-labor-costs","135610.05000000002","cogs","678342","total-profits","678487.35","gross-margin","50","EPIs:","","total-earnings","27122.010000000002","total-hours-scheduled","1819.1799999999998","total-hours-worked","1808.134","total-idle-time","17616.8","total-misc-task-time","31718.4","total-productivity","48860.6","total-rest-time","14042","total-revenues","252180.2","total-tardy-time","2161.6","total-sales-closed","1647.8"
"KPI-EPI-lists company 0","141","false","365","30","true","0.15","false","false","false","true","366","name","Fashion1","total-customer-visits","27059","total-customers-helped","22927","total-sales-closed","10398","total-employee-revenues","1684584","ATS-for-employee-sales","162.01038661281015","total-non-employee-revenues","51179","ATS-for-non-employee-sales","82.41384863123993","total-gross-revenues","1735763","total-labor-costs","164977.20000000004","cogs","859282","total-profits","876480.6000000006","gross-margin","50.5","EPIs:","","total-earnings","32995.44","total-hours-scheduled","2206.9199999999996","total-hours-worked","2199.696","total-idle-time","23954","total-misc-task-time","48091.2","total-productivity","48623","total-rest-time","17113.4","total-revenues","336916.8","total-tardy-time","1049.4","total-sales-closed","2079.6"
"KPI-EPI-lists company 1","141","false","365","30","true","0.15","false","false","false","true","366","name","Fashion2","total-customer-visits","26994","total-customers-helped","17596","total-sales-closed","7985","total-employee-revenues","1198991","ATS-for-employee-sales","150.1554164057608","total-non-employee-revenues","111920","ATS-for-non-employee-sales","82.29411764705883","total-gross-revenues","1310911","total-labor-costs","134690.99999999994","cogs","659055","total-profits","651855.6000000001","gross-margin","49.7","EPIs:","","total-earnings","26938.2","total-hours-scheduled","1812.3400000000001","total-hours-worked","1795.8799999999999","total-idle-time","17484.2","total-misc-task-time","29256.4","total-productivity","50357","total-rest-time","14156.4","total-revenues","239798.2","total-tardy-time","3034.6","total-sales-closed","1597"
"KPI-EPI-lists company 0","142","false","365","30","true","0.15","false","false","false","true","366","name","Fashion1","total-customer-visits","26937","total-customers-helped","22953","total-sales-closed","10465","total-employee-revenues","1709455","ATS-for-employee-sales","163.34973721930243","total-non-employee-revenues","45372","ATS-for-non-employee-sales","82.64480874316939","total-gross-revenues","1754827","total-labor-costs","164381.69999999998","cogs","866313","total-profits","888514.5000000001","gross-margin","50.6","EPIs:","","total-earnings","32876.34000000001","total-hours-scheduled","2198.5","total-hours-worked","2191.7560000000003","total-idle-time","24220.2","total-misc-task-time","48577.8","total-productivity","47619","total-rest-time","17106.8","total-revenues","341891","total-tardy-time","929.8","total-sales-closed","2093"
"KPI-EPI-lists company 1","142","false","365","30","true","0.15","false","false","false","true","366","name","Fashion2","total-customer-visits","27032","total-customers-helped","17581","total-sales-closed","7844","total-employee-revenues","1175789","ATS-for-employee-sales","149.89660887302398","total-non-employee-revenues","107237","ATS-for-non-employee-sales","82.68080185042406","total-gross-revenues","1283026","total-labor-costs","134412.59999999998","cogs","647623","total-profits","635402.9999999999","gross-margin","49.5","EPIs:","","total-earnings","26882.52","total-hours-scheduled","1808.520000000001","total-hours-worked","1792.1680000000003","total-idle-time","17476.8","total-misc-task-time","29229","total-productivity","50297","total-rest-time","14048","total-revenues","235157.8","total-tardy-time","2883","total-sales-closed","1568.8"
"KPI-EPI-lists company 0","143","false","365","30","true","0.15","false","false","false","true","366","name","Fashion1","total-customer-visits","26908","total-customers-helped","22545","total-sales-closed","10219","total-employee-revenues","1654378","ATS-for-employee-sales","161.8923573735199","total-non-employee-revenues","49291","ATS-for-non-employee-sales","82.28881469115191","total-gross-revenues","1703669","total-labor-costs","164200.50000000003","cogs","845668","total-profits","858000.8999999996","gross-margin","50.4","EPIs:","","total-earnings","32840.100000000006","total-hours-scheduled","2196.5600000000013","total-hours-worked","2189.340000000001","total-idle-time","24186.6","total-misc-task-time","47813.4","total-productivity","48331.2","total-rest-time","16898.6","total-revenues","330875.6","total-tardy-time","1157.8","total-sales-closed","2043.8"
"KPI-EPI-lists company 1","143","false","365","30","true","0.15","false","false","false","true","366","name","Fashion2","total-customer-visits","26769","total-customers-helped","17721","total-sales-closed","7962","total-employee-revenues","1197319","ATS-for-employee-sales","150.37917608641044","total-non-employee-revenues","102639","ATS-for-non-employee-sales","82.57361222847949","total-gross-revenues","1299958","total-labor-costs","136783.94999999995","cogs","656767","total-profits","643190.8499999999","gross-margin","49.5","EPIs:","","total-earnings","27356.789999999997","total-hours-scheduled","1839.6800000000003","total-hours-worked","1823.7860000000005","total-idle-time","17765.4","total-misc-task-time","30219.6","total-productivity","50731.8","total-rest-time","14369.4","total-revenues","239463.8","total-tardy-time","2722","total-sales-closed","1592.4"
"KPI-EPI-lists company 0","144","false","365","30","true","0.15","false","false","false","true","366","name","Fashion1","total-customer-visits","27010","total-customers-helped","22368","total-sales-closed","10059","total-employee-revenues","1613791","ATS-for-employee-sales","160.43254796699472","total-non-employee-revenues","55607","ATS-for-non-employee-sales","81.53519061583577","total-gross-revenues","1669398","total-labor-costs","164688.75","cogs","832448","total-profits","836950.0499999995","gross-margin","50.1","EPIs:","","total-earnings","32937.75","total-hours-scheduled","2203.840000000001","total-hours-worked","2195.850000000001","total-idle-time","23784.4","total-misc-task-time","47246.4","total-productivity","49551.8","total-rest-time","16773.6","total-revenues","322758.2","total-tardy-time","1275.8","total-sales-closed","2011.8"
"KPI-EPI-lists company 1","144","false","365","30","true","0.15","false","false","false","true","366","name","Fashion2","total-customer-visits","26987","total-customers-helped","17350","total-sales-closed","7791","total-employee-revenues","1160828","ATS-for-employee-sales","148.9960210499294","total-non-employee-revenues","110800","ATS-for-non-employee-sales","82.8101644245142","total-gross-revenues","1271628","total-labor-costs","136180.64999999997","cogs","644832","total-profits","626796.1499999999","gross-margin","49.3","EPIs:","","total-earnings","27236.129999999997","total-hours-scheduled","1833.5999999999997","total-hours-worked","1815.7419999999997","total-idle-time","18075.8","total-misc-task-time","28826.6","total-productivity","51334.8","total-rest-time","14337.2","total-revenues","232165.6","total-tardy-time","3249.2","total-sales-closed","1558.2"
"KPI-EPI-lists company 0","145","false","365","30","true","0.15","false","false","false","true","366","name","Fashion1","total-customer-visits","27076","total-customers-helped","22825","total-sales-closed","10204","total-employee-revenues","1656363","ATS-for-employee-sales","162.3248725989808","total-non-employee-revenues","45646","ATS-for-non-employee-sales","82.54249547920433","total-gross-revenues","1702009","total-labor-costs","163525.94999999992","cogs","844330","total-profits","857679.4499999998","gross-margin","50.4","EPIs:","","total-earnings","32705.190000000002","total-hours-scheduled","2187.0199999999995","total-hours-worked","2180.346","total-idle-time","23718","total-misc-task-time","47241.2","total-productivity","48600.6","total-rest-time","16944.8","total-revenues","331272.6","total-tardy-time","1120","total-sales-closed","2040.8"
"KPI-EPI-lists company 1","145","false","365","30","true","0.15","false","false","false","true","366","name","Fashion2","total-customer-visits","26900","total-customers-helped","17130","total-sales-closed","7698","total-employee-revenues","1144199","ATS-for-employee-sales","148.63587944920758","total-non-employee-revenues","109717","ATS-for-non-employee-sales","82.74283559577677","total-gross-revenues","1253916","total-labor-costs","134077.79999999993","cogs","635644","total-profits","618271.8000000004","gross-margin","49.3","EPIs:","","total-earnings","26815.560000000005","total-hours-scheduled","1805.2800000000007","total-hours-worked","1787.7040000000009","total-idle-time","17433.6","total-misc-task-time","28428.8","total-productivity","50668","total-rest-time","14247.8","total-revenues","228839.8","total-tardy-time","3225.2","total-sales-closed","1539.6"
"KPI-EPI-lists company 0","146","false","365","30","true","0.15","false","false","false","true","366","name","Fashion1","total-customer-visits","27049","total-customers-helped","22704","total-sales-closed","10237","total-employee-revenues","1655177","ATS-for-employee-sales","161.68574777766923","total-non-employee-revenues","52876","ATS-for-non-employee-sales","81.72488408037094","total-gross-revenues","1708053","total-labor-costs","163867.65","cogs","847089","total-profits","860964.1500000001","gross-margin","50.4","EPIs:","","total-earnings","32773.530000000006","total-hours-scheduled","2192.0199999999995","total-hours-worked","2184.901999999999","total-idle-time","23820","total-misc-task-time","47728.4","total-productivity","48358","total-rest-time","16928.4","total-revenues","331035.4","total-tardy-time","1119","total-sales-closed","2047.4"
"KPI-EPI-lists company 1","146","false","365","30","true","0.15","false","false","false","true","366","name","Fashion2","total-customer-visits","26948","total-customers-helped","17627","total-sales-closed","8000","total-employee-revenues","1201856","ATS-for-employee-sales","150.232","total-non-employee-revenues","111489","ATS-for-non-employee-sales","82.70697329376854","total-gross-revenues","1313345","total-labor-costs","134786.24999999994","cogs","660124","total-profits","653220.7499999999","gross-margin","49.7","EPIs:","","total-earnings","26957.250000000007","total-hours-scheduled","1812.94","total-hours-worked","1797.1499999999996","total-idle-time","17547.2","total-misc-task-time","29830.2","total-productivity","49936","total-rest-time","14133","total-revenues","240371.2","total-tardy-time","2957.4","total-sales-closed","1600"
"KPI-EPI-lists company 0","147","false","365","30","true","0.15","false","false","false","true","366","name","Fashion1","total-customer-visits","27016","total-customers-helped","22884","total-sales-closed","10362","total-employee-revenues","1681029","ATS-for-employee-sales","162.2301679212507","total-non-employee-revenues","45070","ATS-for-non-employee-sales","81.35379061371842","total-gross-revenues","1726099","total-labor-costs","164231.85","cogs","854671","total-profits","871427.5500000002","gross-margin","50.5","EPIs:","","total-earnings","32846.37","total-hours-scheduled","2196.52","total-hours-worked","2189.7579999999994","total-idle-time","23864","total-misc-task-time","48138.8","total-productivity","48253.8","total-rest-time","16908.4","total-revenues","336205.8","total-tardy-time","1045.6","total-sales-closed","2072.4"
"KPI-EPI-lists company 1","147","false","365","30","true","0.15","false","false","false","true","366","name","Fashion2","total-customer-visits","26756","total-customers-helped","17374","total-sales-closed","7837","total-employee-revenues","1164823","ATS-for-employee-sales","148.63123644251627","total-non-employee-revenues","105499","ATS-for-non-employee-sales","82.6147220046985","total-gross-revenues","1270322","total-labor-costs","134833.19999999998","cogs","642962","total-profits","627360.0000000005","gross-margin","49.4","EPIs:","","total-earnings","26966.640000000003","total-hours-scheduled","1814.2","total-hours-worked","1797.7760000000003","total-idle-time","17520.2","total-misc-task-time","29264.8","total-productivity","50485.4","total-rest-time","14142.4","total-revenues","232964.6","total-tardy-time","3091.4","total-sales-closed","1567.4"
"KPI-EPI-lists company 0","148","false","365","30","true","0.15","false","false","false","true","366","name","Fashion1","total-customer-visits","26902","total-customers-helped","22648","total-sales-closed","10283","total-employee-revenues","1662064","ATS-for-employee-sales","161.63220849946515","total-non-employee-revenues","50568","ATS-for-non-employee-sales","82.76268412438625","total-gross-revenues","1712632","total-labor-costs","163910.40000000002","cogs","848963","total-profits","863668.7999999997","gross-margin","50.4","EPIs:","","total-earnings","32782.08","total-hours-scheduled","2193.4800000000005","total-hours-worked","2185.472","total-idle-time","24002","total-misc-task-time","47665.4","total-productivity","48414.4","total-rest-time","16892","total-revenues","332412.8","total-tardy-time","1204","total-sales-closed","2056.6"
"KPI-EPI-lists company 1","148","false","365","30","true","0.15","false","false","false","true","366","name","Fashion2","total-customer-visits","27179","total-customers-helped","17646","total-sales-closed","8029","total-employee-revenues","1199947","ATS-for-employee-sales","149.4516129032258","total-non-employee-revenues","107258","ATS-for-non-employee-sales","82.82471042471043","total-gross-revenues","1307205","total-labor-costs","135550.19999999995","cogs","658432","total-profits","648772.8000000002","gross-margin","49.6","EPIs:","","total-earnings","27110.04","total-hours-scheduled","1824.6399999999999","total-hours-worked","1807.336","total-idle-time","17536.6","total-misc-task-time","29512.6","total-productivity","50697","total-rest-time","14237.2","total-revenues","239989.4","total-tardy-time","2950.8","total-sales-closed","1605.8"
"KPI-EPI-lists company 0","149","false","365","30","true","0.15","false","false","false","true","366","name","Fashion1","total-customer-visits","27046","total-customers-helped","22447","total-sales-closed","10229","total-employee-revenues","1645586","ATS-for-employee-sales","160.87457229445693","total-non-employee-revenues","53296","ATS-for-non-employee-sales","81.74233128834356","total-gross-revenues","1698882","total-labor-costs","163347.75","cogs","842901","total-profits","855981.4500000001","gross-margin","50.4","EPIs:","","total-earnings","32669.55","total-hours-scheduled","2184.9000000000005","total-hours-worked","2177.9700000000003","total-idle-time","23447.4","total-misc-task-time","47383.4","total-productivity","48639.8","total-rest-time","16714.6","total-revenues","329117.2","total-tardy-time","1111.4","total-sales-closed","2045.8"
"KPI-EPI-lists company 1","149","false","365","30","true","0.15","false","false","false","true","366","name","Fashion2","total-customer-visits","26824","total-customers-helped","17744","total-sales-closed","7946","total-employee-revenues","1206262","ATS-for-employee-sales","151.8074502894538","total-non-employee-revenues","101625","ATS-for-non-employee-sales","81.82367149758454","total-gross-revenues","1307887","total-labor-costs","133973.24999999994","cogs","657128","total-profits","650758.9499999996","gross-margin","49.8","EPIs:","","total-earnings","26794.650000000005","total-hours-scheduled","1802.4800000000002","total-hours-worked","1786.3100000000006","total-idle-time","17364","total-misc-task-time","29994","total-productivity","49364","total-rest-time","13975.6","total-revenues","241252.4","total-tardy-time","2666.6","total-sales-closed","1589.2"
"KPI-EPI-lists company 0","150","false","365","30","true","0.15","false","false","false","true","366","name","Fashion1","total-customer-visits","27131","total-customers-helped","22795","total-sales-closed","10315","total-employee-revenues","1670751","ATS-for-employee-sales","161.97295201163354","total-non-employee-revenues","54447","ATS-for-non-employee-sales","83.37978560490046","total-gross-revenues","1725198","total-labor-costs","164441.24999999997","cogs","854520","total-profits","870677.5499999995","gross-margin","50.5","EPIs:","","total-earnings","32888.25000000001","total-hours-scheduled","2201.3999999999987","total-hours-worked","2192.5499999999993","total-idle-time","23815.2","total-misc-task-time","47476.4","total-productivity","48963","total-rest-time","16984.4","total-revenues","334150.2","total-tardy-time","1279.8","total-sales-closed","2063"
"KPI-EPI-lists company 1","150","false","365","30","true","0.15","false","false","false","true","366","name","Fashion2","total-customer-visits","26701","total-customers-helped","17220","total-sales-closed","7649","total-employee-revenues","1145634","ATS-for-employee-sales","149.77565694862074","total-non-employee-revenues","108978","ATS-for-non-employee-sales","82.74715261958998","total-gross-revenues","1254612","total-labor-costs","134486.39999999994","cogs","636331","total-profits","618280.8","gross-margin","49.3","EPIs:","","total-earnings","26897.280000000006","total-hours-scheduled","1809.7999999999993","total-hours-worked","1793.1519999999994","total-idle-time","17575.2","total-misc-task-time","29776.2","total-productivity","49738.6","total-rest-time","14105.4","total-revenues","229126.8","total-tardy-time","2865.6","total-sales-closed","1529.8"
"KPI-EPI-lists company 0","151","false","365","30","true","0.2","false","false","false","true","366","name","Fashion1","total-customer-visits","27137","total-customers-helped","23198","total-sales-closed","10535","total-employee-revenues","1720001","ATS-for-employee-sales","163.2654010441386","total-non-employee-revenues","43424","ATS-for-non-employee-sales","81.31835205992509","total-gross-revenues","1763425","total-labor-costs","164865.59999999998","cogs","870236","total-profits","893189.3999999996","gross-margin","50.7","EPIs:","","total-earnings","32973.12000000001","total-hours-scheduled","2203.9399999999996","total-hours-worked","2198.208","total-idle-time","24577.6","total-misc-task-time","48643.4","total-productivity","47500.6","total-rest-time","17384","total-revenues","344000.2","total-tardy-time","938.8","total-sales-closed","2107"
"KPI-EPI-lists company 1","151","false","365","30","true","0.2","false","false","false","true","366","name","Fashion2","total-customer-visits","26775","total-customers-helped","16367","total-sales-closed","7375","total-employee-revenues","1071939","ATS-for-employee-sales","145.34766101694916","total-non-employee-revenues","119446","ATS-for-non-employee-sales","82.77616077616078","total-gross-revenues","1191385","total-labor-costs","136772.99999999997","cogs","613327","total-profits","578058.0000000002","gross-margin","48.5","EPIs:","","total-earnings","27354.600000000006","total-hours-scheduled","1843.64","total-hours-worked","1823.64","total-idle-time","18129","total-misc-task-time","28294.2","total-productivity","51842.8","total-rest-time","14700.4","total-revenues","214387.8","total-tardy-time","4030.6","total-sales-closed","1475"
"KPI-EPI-lists company 0","152","false","365","30","true","0.2","false","false","false","true","366","name","Fashion1","total-customer-visits","26943","total-customers-helped","22668","total-sales-closed","10122","total-employee-revenues","1641475","ATS-for-employee-sales","162.16903773957716","total-non-employee-revenues","51627","ATS-for-non-employee-sales","82.33971291866028","total-gross-revenues","1693102","total-labor-costs","163225.50000000003","cogs","840466","total-profits","852635.6999999998","gross-margin","50.4","EPIs:","","total-earnings","32645.100000000006","total-hours-scheduled","2183.3000000000006","total-hours-worked","2176.340000000001","total-idle-time","23875.8","total-misc-task-time","47611.4","total-productivity","48026","total-rest-time","16846.4","total-revenues","328295","total-tardy-time","1103.6","total-sales-closed","2024.4"
"KPI-EPI-lists company 1","152","false","365","30","true","0.2","false","false","false","true","366","name","Fashion2","total-customer-visits","26857","total-customers-helped","16196","total-sales-closed","7331","total-employee-revenues","1059963","ATS-for-employee-sales","144.58641385895513","total-non-employee-revenues","128922","ATS-for-non-employee-sales","82.8547557840617","total-gross-revenues","1188885","total-labor-costs","136142.69999999998","cogs","611697","total-profits","577188.2999999999","gross-margin","48.5","EPIs:","","total-earnings","27228.54","total-hours-scheduled","1837.8799999999997","total-hours-worked","1815.2359999999996","total-idle-time","18388.6","total-misc-task-time","28099.8","total-productivity","51359.4","total-rest-time","14642.6","total-revenues","211992.6","total-tardy-time","3529.6","total-sales-closed","1466.2"
"KPI-EPI-lists company 0","153","false","365","30","true","0.2","false","false","false","true","366","name","Fashion1","total-customer-visits","26920","total-customers-helped","22418","total-sales-closed","10015","total-employee-revenues","1609947","ATS-for-employee-sales","160.7535696455317","total-non-employee-revenues","53433","ATS-for-non-employee-sales","82.07834101382488","total-gross-revenues","1663380","total-labor-costs","163311.45000000013","cogs","828663","total-profits","834716.5500000005","gross-margin","50.2","EPIs:","","total-earnings","32662.29","total-hours-scheduled","2184.8199999999997","total-hours-worked","2177.486","total-idle-time","23919.2","total-misc-task-time","47251","total-productivity","48449.2","total-rest-time","16769","total-revenues","321989.4","total-tardy-time","1153.2","total-sales-closed","2003"
"KPI-EPI-lists company 1","153","false","365","30","true","0.2","false","false","false","true","366","name","Fashion2","total-customer-visits","26991","total-customers-helped","16360","total-sales-closed","7260","total-employee-revenues","1056870","ATS-for-employee-sales","145.57438016528926","total-non-employee-revenues","122662","ATS-for-non-employee-sales","82.54508748317632","total-gross-revenues","1179532","total-labor-costs","135128.54999999996","cogs","606941","total-profits","572590.6499999999","gross-margin","48.5","EPIs:","","total-earnings","27025.710000000003","total-hours-scheduled","1821.4","total-hours-worked","1801.714","total-idle-time","17611","total-misc-task-time","28056.8","total-productivity","51352.6","total-rest-time","14436","total-revenues","211374","total-tardy-time","3709.8","total-sales-closed","1452"
"KPI-EPI-lists company 0","154","false","365","30","true","0.2","false","false","false","true","366","name","Fashion1","total-customer-visits","26825","total-customers-helped","22632","total-sales-closed","10191","total-employee-revenues","1646352","ATS-for-employee-sales","161.54960259052106","total-non-employee-revenues","49121","ATS-for-non-employee-sales","81.86833333333334","total-gross-revenues","1695473","total-labor-costs","163278.00000000006","cogs","841467","total-profits","854005.7999999996","gross-margin","50.4","EPIs:","","total-earnings","32655.600000000006","total-hours-scheduled","2184.9","total-hours-worked","2177.04","total-idle-time","23815.8","total-misc-task-time","47700.6","total-productivity","48074.4","total-rest-time","16795.4","total-revenues","329270.4","total-tardy-time","1078.2","total-sales-closed","2038.2"
"KPI-EPI-lists company 1","154","false","365","30","true","0.2","false","false","false","true","366","name","Fashion2","total-customer-visits","26816","total-customers-helped","16019","total-sales-closed","7303","total-employee-revenues","1058220","ATS-for-employee-sales","144.90209502943995","total-non-employee-revenues","125225","ATS-for-non-employee-sales","82.49341238471673","total-gross-revenues","1183445","total-labor-costs","133574.6999999999","cogs","606953","total-profits","576492.3000000002","gross-margin","48.7","EPIs:","","total-earnings","26714.940000000002","total-hours-scheduled","1800.3599999999994","total-hours-worked","1780.9959999999996","total-idle-time","17730.6","total-misc-task-time","27166.6","total-productivity","51068.4","total-rest-time","14279.2","total-revenues","211644","total-tardy-time","3934","total-sales-closed","1460.6"
"KPI-EPI-lists company 0","155","false","365","30","true","0.2","false","false","false","true","366","name","Fashion1","total-customer-visits","27112","total-customers-helped","22748","total-sales-closed","10247","total-employee-revenues","1657690","ATS-for-employee-sales","161.77320191275496","total-non-employee-revenues","48984","ATS-for-non-employee-sales","82.46464646464646","total-gross-revenues","1706674","total-labor-costs","163076.25","cogs","845746","total-profits","860928.1500000001","gross-margin","50.4","EPIs:","","total-earnings","32615.250000000007","total-hours-scheduled","2181.38","total-hours-worked","2174.35","total-idle-time","24010.6","total-misc-task-time","46929.4","total-productivity","48552","total-rest-time","16806.4","total-revenues","331538","total-tardy-time","1117.2","total-sales-closed","2049.4"
"KPI-EPI-lists company 1","155","false","365","30","true","0.2","false","false","false","true","366","name","Fashion2","total-customer-visits","26937","total-customers-helped","16243","total-sales-closed","7297","total-employee-revenues","1060206","ATS-for-employee-sales","145.29340824996575","total-non-employee-revenues","120822","ATS-for-non-employee-sales","81.91322033898305","total-gross-revenues","1181028","total-labor-costs","134616.44999999995","cogs","607028","total-profits","574000.3500000003","gross-margin","48.6","EPIs:","","total-earnings","26923.29","total-hours-scheduled","1816.5400000000002","total-hours-worked","1794.8860000000004","total-idle-time","17931.6","total-misc-task-time","28048.4","total-productivity","50837","total-rest-time","14379.8","total-revenues","212041.2","total-tardy-time","3985.6","total-sales-closed","1459.4"
"KPI-EPI-lists company 0","156","false","365","30","true","0.2","false","false","false","true","366","name","Fashion1","total-customer-visits","27070","total-customers-helped","22786","total-sales-closed","10150","total-employee-revenues","1644039","ATS-for-employee-sales","161.9742857142857","total-non-employee-revenues","49965","ATS-for-non-employee-sales","81.6421568627451","total-gross-revenues","1694004","total-labor-costs","164670.89999999997","cogs","842273","total-profits","851731.5","gross-margin","50.3","EPIs:","","total-earnings","32934.18000000001","total-hours-scheduled","2202.6600000000008","total-hours-worked","2195.6120000000014","total-idle-time","24398.6","total-misc-task-time","48120","total-productivity","48177.8","total-rest-time","17040.8","total-revenues","328807.8","total-tardy-time","1020.8","total-sales-closed","2030"
"KPI-EPI-lists company 1","156","false","365","30","true","0.2","false","false","false","true","366","name","Fashion2","total-customer-visits","27049","total-customers-helped","16666","total-sales-closed","7483","total-employee-revenues","1093203","ATS-for-employee-sales","146.091540825872","total-non-employee-revenues","119514","ATS-for-non-employee-sales","82.82328482328482","total-gross-revenues","1212717","total-labor-costs","135398.9999999999","cogs","620486","total-profits","592231.1999999997","gross-margin","48.8","EPIs:","","total-earnings","27079.800000000007","total-hours-scheduled","1824.7200000000007","total-hours-worked","1805.3200000000008","total-idle-time","17800.8","total-misc-task-time","27948.2","total-productivity","51599.6","total-rest-time","14400.8","total-revenues","218640.6","total-tardy-time","3458.8","total-sales-closed","1496.6"
"KPI-EPI-lists company 0","157","false","365","30","true","0.2","false","false","false","true","366","name","Fashion1","total-customer-visits","27056","total-customers-helped","22736","total-sales-closed","10238","total-employee-revenues","1657765","ATS-for-employee-sales","161.92273881617504","total-non-employee-revenues","49299","ATS-for-non-employee-sales","81.89202657807309","total-gross-revenues","1707064","total-labor-costs","164047.6500000001","cogs","846873","total-profits","860190.7499999994","gross-margin","50.4","EPIs:","","total-earnings","32809.530000000006","total-hours-scheduled","2195.4400000000005","total-hours-worked","2187.3020000000006","total-idle-time","23672.2","total-misc-task-time","47551.6","total-productivity","48777.6","total-rest-time","16895.8","total-revenues","331553","total-tardy-time","1165.2","total-sales-closed","2047.6"
"KPI-EPI-lists company 1","157","false","365","30","true","0.2","false","false","false","true","366","name","Fashion2","total-customer-visits","26870","total-customers-helped","16473","total-sales-closed","7431","total-employee-revenues","1085059","ATS-for-employee-sales","146.01789799488628","total-non-employee-revenues","120474","ATS-for-non-employee-sales","82.29098360655738","total-gross-revenues","1205533","total-labor-costs","134622.74999999994","cogs","616836","total-profits","588697.0500000002","gross-margin","48.8","EPIs:","","total-earnings","26924.55","total-hours-scheduled","1817.8","total-hours-worked","1794.97","total-idle-time","17796.2","total-misc-task-time","28211","total-productivity","50853.8","total-rest-time","14305.8","total-revenues","217011.8","total-tardy-time","3764.2","total-sales-closed","1486.2"
"KPI-EPI-lists company 0","158","false","365","30","true","0.2","false","false","false","true","366","name","Fashion1","total-customer-visits","27024","total-customers-helped","22540","total-sales-closed","10053","total-employee-revenues","1627430","ATS-for-employee-sales","161.88500944991546","total-non-employee-revenues","48510","ATS-for-non-employee-sales","82.22033898305085","total-gross-revenues","1675940","total-labor-costs","162683.84999999998","cogs","833060","total-profits","842880.1499999998","gross-margin","50.3","EPIs:","","total-earnings","32536.770000000008","total-hours-scheduled","2175.580000000001","total-hours-worked","2169.118","total-idle-time","23763.4","total-misc-task-time","47241.4","total-productivity","48009.8","total-rest-time","16828.6","total-revenues","325486","total-tardy-time","1019","total-sales-closed","2010.6"
"KPI-EPI-lists company 1","158","false","365","30","true","0.2","false","false","false","true","366","name","Fashion2","total-customer-visits","26948","total-customers-helped","16504","total-sales-closed","7348","total-employee-revenues","1072277","ATS-for-employee-sales","145.92773543821448","total-non-employee-revenues","121814","ATS-for-non-employee-sales","82.4739336492891","total-gross-revenues","1194091","total-labor-costs","135185.99999999997","cogs","612822","total-profits","581268.5999999999","gross-margin","48.7","EPIs:","","total-earnings","27037.2","total-hours-scheduled","1823.7400000000002","total-hours-worked","1802.4800000000002","total-idle-time","17670.6","total-misc-task-time","28147.4","total-productivity","51297.4","total-rest-time","14400.4","total-revenues","214455.4","total-tardy-time","3641.8","total-sales-closed","1469.6"
"KPI-EPI-lists company 0","159","false","365","30","true","0.2","false","false","false","true","366","name","Fashion1","total-customer-visits","26660","total-customers-helped","22412","total-sales-closed","10233","total-employee-revenues","1647460","ATS-for-employee-sales","160.99482067819798","total-non-employee-revenues","48995","ATS-for-non-employee-sales","83.18336162988115","total-gross-revenues","1696455","total-labor-costs","163776.0000000001","cogs","842358","total-profits","854097.0000000002","gross-margin","50.3","EPIs:","","total-earnings","32755.200000000004","total-hours-scheduled","2191.82","total-hours-worked","2183.68","total-idle-time","23652.4","total-misc-task-time","47789.4","total-productivity","48291.2","total-rest-time","16900.4","total-revenues","329492","total-tardy-time","1153.4","total-sales-closed","2046.6"
"KPI-EPI-lists company 1","159","false","365","30","true","0.2","false","false","false","true","366","name","Fashion2","total-customer-visits","26993","total-customers-helped","16333","total-sales-closed","7295","total-employee-revenues","1069852","ATS-for-employee-sales","146.65551747772446","total-non-employee-revenues","129054","ATS-for-non-employee-sales","82.04322949777496","total-gross-revenues","1198906","total-labor-costs","132307.79999999993","cogs","611870","total-profits","587035.8","gross-margin","49","EPIs:","","total-earnings","26461.560000000005","total-hours-scheduled","1783.9200000000005","total-hours-worked","1764.104","total-idle-time","17349.6","total-misc-task-time","27781.6","total-productivity","50101.2","total-rest-time","14003.4","total-revenues","213970.4","total-tardy-time","3386.8","total-sales-closed","1459"
"KPI-EPI-lists company 0","160","false","365","30","true","0.2","false","false","false","true","366","name","Fashion1","total-customer-visits","26989","total-customers-helped","22854","total-sales-closed","10333","total-employee-revenues","1676784","ATS-for-employee-sales","162.27465402109746","total-non-employee-revenues","49042","ATS-for-non-employee-sales","82.28523489932886","total-gross-revenues","1725826","total-labor-costs","163528.94999999998","cogs","853859","total-profits","871966.650000001","gross-margin","50.5","EPIs:","","total-earnings","32705.790000000008","total-hours-scheduled","2188.14","total-hours-worked","2180.386","total-idle-time","24098.6","total-misc-task-time","47367.4","total-productivity","48251.4","total-rest-time","16998","total-revenues","335356.8","total-tardy-time","1004.4","total-sales-closed","2066.6"
"KPI-EPI-lists company 1","160","false","365","30","true","0.2","false","false","false","true","366","name","Fashion2","total-customer-visits","26994","total-customers-helped","16325","total-sales-closed","7364","total-employee-revenues","1072105","ATS-for-employee-sales","145.5873166757197","total-non-employee-revenues","126229","ATS-for-non-employee-sales","82.44872632266492","total-gross-revenues","1198334","total-labor-costs","134227.34999999998","cogs","613561","total-profits","584773.0500000004","gross-margin","48.8","EPIs:","","total-earnings","26845.47","total-hours-scheduled","1807.8200000000002","total-hours-worked","1789.6980000000003","total-idle-time","17660.4","total-misc-task-time","27843.8","total-productivity","50945.8","total-rest-time","14347","total-revenues","214421","total-tardy-time","3569.2","total-sales-closed","1472.8"
